Rk,Name,Tm,G,AB,R,H,2B,3B,HR,RBI,SB,CS,BB,SO,HBP,SF,IBB,Name-additional
2,Matt Olson,ATL,162,616,86,148,44,0,34,103,0,0,75,170,4,4,6,olsonma02
3,Dansby Swanson,ATL,162,640,99,177,32,1,25,96,18,7,49,182,3,4,0,swansda01
4,Francisco Lindor,NYM,161,630,98,170,25,5,26,107,16,6,59,133,10,7,2,lindofr01
5,Marcus Semien,TEX,161,657,101,163,31,5,26,83,25,8,53,120,4,10,0,semiema01
6,Pete Alonso,NYM,160,597,95,162,27,0,40,131,5,1,67,128,12,9,16,alonspe01
7,Vladimir Guerrero Jr.,TOR,160,638,90,175,35,0,32,97,8,3,58,116,6,4,6,guerrvl02
8,Trea Turner,LAD,160,652,101,194,39,4,21,100,27,3,45,131,3,6,1,turnetr01
9,Christian Walker,ARI,160,583,84,141,25,2,36,94,2,2,69,131,8,7,2,walkech02
10,Bo Bichette,TOR,159,652,91,189,43,1,24,93,13,8,41,155,2,2,0,bichebo01
11,Freddie Freeman,LAD,159,612,117,199,47,2,21,100,13,3,84,102,5,7,12,freemfr01
12,Austin Riley,ATL,159,615,90,168,39,2,38,93,2,0,57,168,17,4,1,rileyau01
13,Jake Cronenworth,SDP,158,587,88,140,30,4,17,88,3,0,70,131,16,8,3,croneja01
14,Ian Happ,CHC,158,573,72,155,42,2,17,72,9,4,58,149,6,4,4,happia01
15,José Abreu,CHW,157,601,85,183,40,0,15,75,0,0,62,110,12,4,2,abreujo02
16,Aaron Judge,NYY,157,570,133,177,28,0,62,131,16,3,111,175,6,5,19,judgeaa01
17,Nathaniel Lowe,TEX,157,593,74,179,26,3,27,76,2,2,48,147,4,0,2,lowena01
18,Shohei Ohtani,LAA,157,586,90,160,30,6,34,95,11,9,72,161,5,3,14,ohtansh01
19,Jose Ramirez,CLE,157,601,90,168,44,5,29,126,20,7,69,82,6,9,20,ramirjo01
20,Josh Bell,TOT,156,552,78,147,29,3,17,71,0,1,81,102,5,6,4,belljo02
21,Adam Frazier,SEA,156,541,61,129,22,4,3,42,11,6,46,73,5,6,1,fraziad01
22,Adolis García,TEX,156,605,88,151,34,5,27,101,25,6,40,183,6,6,2,garciad02
23,Rhys Hoskins,PHI,156,589,81,145,33,2,30,79,2,1,72,169,6,4,0,hoskirh01
24,Cedric Mullins,BAL,156,608,89,157,32,4,16,64,34,10,47,126,9,5,2,mullice01
25,Alex Bregman,HOU,155,548,93,142,38,0,23,93,1,2,87,77,11,10,1,bregmal01
26,Matt Chapman,TOR,155,538,83,123,27,1,27,76,2,2,68,170,10,5,1,chapmma01
27,Kyle Schwarber,PHI,155,577,100,126,21,3,46,94,10,1,86,200,4,2,3,schwaky01
28,Christian Yelich,MIL,154,575,99,145,25,4,14,57,19,3,88,162,5,2,5,yelicch01
29,Randy Arozarena,TBR,153,586,72,154,41,3,20,89,32,12,46,156,11,2,2,arozara01
30,Tommy Edman,STL,153,577,95,153,31,4,13,57,32,3,46,111,5,1,2,edmanto01
31,Ryan McMahon,COL,153,529,67,130,23,3,20,67,7,3,60,158,5,3,0,mcmahry01
32,Amed Rosario,CLE,153,637,86,180,26,9,11,71,18,4,25,111,4,4,0,rosaram01
33,Juan Soto,TOT,153,524,93,127,25,2,27,62,6,2,135,96,4,0,6,sotoju01
34,Rowdy Tellez,MIL,153,529,67,116,23,0,35,89,2,1,62,121,5,3,9,tellero01
35,Alec Bohm,PHI,152,586,79,164,24,3,13,72,2,3,31,110,4,10,1,bohmal01
36,Trent Grisham,SDP,152,451,58,83,16,2,17,53,7,1,57,150,7,2,1,grishtr01
37,Jurickson Profar,SDP,152,575,82,140,36,2,15,58,5,1,73,103,4,3,0,profaju01
38,Anthony Santander,BAL,152,574,78,138,24,0,33,89,0,2,55,122,13,5,1,santaan02
39,Myles Straw,CLE,152,535,72,118,22,3,0,32,21,1,54,87,1,4,0,strawmy01
40,Alex Verdugo,BOS,152,593,75,166,39,1,11,74,1,3,42,86,3,6,2,verdual01
41,Wilmer Flores,SFG,151,525,72,120,28,1,19,71,0,0,59,103,11,7,1,florewi01
42,Paul Goldschmidt,STL,151,561,106,178,41,0,35,115,7,0,79,141,5,4,1,goldspa01
43,Brandon Nimmo,NYM,151,580,102,159,30,7,16,64,3,2,71,116,16,3,0,nimmobr01
44,Corey Seager,TEX,151,593,91,145,24,1,33,83,3,0,58,103,7,5,7,seageco01
45,Daulton Varsho,ARI,151,531,79,125,23,3,27,74,16,6,46,145,7,5,0,varshda01
46,Xander Bogaerts,BOS,150,557,84,171,38,0,15,73,8,2,57,118,10,7,2,bogaexa01
47,Seth Brown,OAK,150,500,55,115,26,3,25,73,11,2,51,146,3,1,3,brownse01
48,C.J. Cron,COL,150,575,79,148,28,3,29,102,0,0,43,164,8,5,6,croncj01
49,Ha-Seong Kim,SDP,150,517,58,130,29,3,11,59,12,2,51,100,7,4,0,kimha01
50,Manny Machado,SDP,150,578,100,172,37,1,32,102,9,1,63,133,1,2,10,machama01
51,Jorge Mateo,BAL,150,494,63,109,25,7,13,50,35,9,27,147,5,2,0,mateojo01
52,Eugenio Suarez,SEA,150,543,76,128,24,2,31,87,0,0,73,196,8,5,0,suareeu01
53,Kyle Tucker,HOU,150,544,71,140,28,1,30,107,25,4,59,95,1,2,4,tuckeky01
54,Bobby Witt,KCR,150,591,82,150,31,6,20,80,30,7,30,135,6,5,2,wittbo02
55,Elvis Andrus,TOT,149,535,66,133,32,0,17,58,18,4,39,92,3,0,0,andruel01
56,Nolan Arenado,STL,148,557,73,163,42,1,30,103,5,3,52,72,7,4,3,arenano01
57,Jeff McNeil,NYM,148,533,73,174,39,1,9,62,4,0,40,61,11,5,1,mcneije01
58,Sean Murphy,OAK,148,537,67,134,37,2,18,66,1,0,56,124,13,5,2,murphse01
59,Geraldo Perdomo,ARI,148,431,58,84,10,2,5,40,9,2,50,103,5,2,0,perdoge01
60,Mike Yastrzemski,SFG,148,485,73,104,31,2,17,57,5,1,61,141,5,6,0,yastrmi01
61,Cesar Hernandez,WSN,147,560,64,139,28,4,1,34,10,4,45,114,7,2,0,hernace02
62,Tony Kemp,OAK,147,497,61,117,24,2,7,46,11,1,45,69,8,3,0,kempto01
63,Steven Kwan,CLE,147,563,89,168,25,7,6,52,19,5,62,60,7,4,2,kwanst01
64,Andres Gimenez,CLE,146,491,66,146,26,3,17,69,20,3,34,112,25,3,4,gimenan01
65,Yuli Gurriel,HOU,146,545,53,132,40,0,8,53,8,0,30,73,6,3,0,gourryu01
66,Lane Thomas,WSN,146,498,62,120,26,2,17,52,8,4,41,132,4,5,0,thomala02
67,J.P. Crawford,SEA,145,518,57,126,24,3,6,42,3,2,68,80,10,5,0,crawfjp01
68,Kyle Farmer,CIN,145,526,58,134,25,1,14,78,4,3,33,99,16,6,0,farmeky01
69,Austin Hays,BAL,145,535,66,134,35,2,16,60,2,4,34,114,10,3,0,haysau01
70,Ryan Mountcastle,BAL,145,555,62,139,28,1,22,85,4,1,43,154,4,7,1,mountry01
71,Bryan Reynolds,PIT,145,542,74,142,19,4,27,62,7,3,56,141,14,2,6,reynobr01
72,Luis Arraez,MIN,144,547,88,173,31,1,8,49,4,4,50,43,3,3,2,arraelu01
73,Javier Baez,DET,144,555,64,132,27,4,17,67,9,2,26,147,6,3,1,baezja01
74,Cody Bellinger,LAD,144,504,70,106,27,3,19,68,14,3,38,150,2,6,0,bellico01
75,Tommy Pham,TOT,144,554,89,131,23,1,17,63,8,3,56,167,7,5,0,phamth01
76,Gio Urshela,MIN,144,501,61,143,27,3,13,64,1,0,41,96,2,7,2,urshegi01
77,Trey Mancini,TOT,143,519,56,124,23,1,18,63,0,0,53,135,10,5,2,mancitr01
78,Mookie Betts,LAD,142,572,117,154,40,3,35,82,12,2,55,104,8,4,0,bettsmo01
79,Isiah Kiner-Falefa,NYY,142,483,66,126,20,0,4,48,22,4,35,72,5,5,2,kineris01
80,Taylor Walls,TBR,142,407,53,70,18,2,8,33,10,3,52,120,2,2,0,wallsta01
81,Jose Altuve,HOU,141,527,103,158,39,0,28,57,18,1,66,87,10,1,2,altuvjo01
82,Rafael Devers,BOS,141,555,84,164,42,1,27,88,3,1,50,114,6,3,11,deverra01
83,Nicky Lopez,KCR,141,436,51,99,12,4,0,20,13,3,29,63,4,1,0,lopezni01
84,Mark Canha,NYM,140,462,71,123,24,0,13,61,3,1,48,97,28,4,1,canhama01
85,Thairo Estrada,SFG,140,488,71,127,22,2,14,62,21,6,33,89,14,5,0,estrath01
86,Ty France,SEA,140,551,65,151,27,1,20,83,0,0,35,94,21,5,3,francty01
87,Randal Grichuk,COL,140,506,60,131,21,3,19,73,4,0,24,127,6,2,0,grichra01
88,Miguel Rojas,MIA,140,471,34,111,19,2,6,36,9,3,26,61,6,3,1,rojasmi02
89,Gleyber Torres,NYY,140,526,73,135,28,1,24,76,10,5,39,129,3,3,2,torregl01
90,Willy Adames,MIL,139,563,83,134,31,0,31,98,8,3,49,166,1,4,3,adamewi01
91,Alejandro Kirk,TOR,139,470,59,134,19,0,14,63,0,0,63,58,4,4,2,kirkal01
92,J.D. Martinez,BOS,139,533,76,146,43,1,16,62,0,0,52,145,5,5,1,martijd02
93,Whit Merrifield,TOT,139,504,70,126,28,1,11,58,16,5,38,85,0,8,0,merriwh01
94,J.T. Realmuto,PHI,139,504,75,139,26,5,22,84,21,1,41,119,12,5,1,realmjt01
95,Brandon Drury,TOT,138,518,87,136,31,2,28,87,2,3,38,126,8,4,0,drurybr01
96,AJ Pollock,CHW,138,489,61,120,26,1,14,56,3,1,32,98,2,4,0,polloaj01
97,Yandy Díaz,TBR,137,473,71,140,33,0,9,57,3,3,78,60,6,1,2,diazya01
98,Ketel Marte,ARI,137,492,68,118,42,2,12,52,5,1,55,101,6,5,3,marteke01
99,Brendan Rodgers,COL,137,527,72,140,30,3,13,63,0,0,46,101,3,5,0,rodgebr02
100,Will Smith,LAD,137,508,68,132,26,3,24,87,1,0,56,96,10,4,4,smithwi05
101,Nick Castellanos,PHI,136,524,56,138,27,0,13,62,7,1,29,130,3,2,0,casteni01
102,Carlos Correa,MIN,136,522,70,152,24,1,22,64,0,1,61,121,3,4,2,correca01
103,Eduardo Escobar,NYM,136,495,58,119,26,4,20,69,0,2,40,129,1,6,3,escobed01
104,Nick Gordon,MIN,136,405,45,110,28,4,9,50,6,4,19,105,10,6,1,gordoni01
105,Ke'Bryan Hayes,PIT,136,505,55,123,24,3,7,41,20,5,48,122,5,2,0,hayeske01
106,Max Muncy,LAD,136,464,69,91,22,1,21,69,2,0,90,141,5,6,1,muncyma01
107,Jeremy Pena,HOU,136,521,72,132,20,2,22,63,11,2,22,135,6,5,0,penaje02
108,Jesse Winker,SEA,136,456,51,100,15,0,14,53,0,0,84,103,4,3,1,winkeje01
109,Yordan Alvarez,HOU,135,470,95,144,29,2,37,97,1,1,78,106,6,7,9,alvaryo01
110,Charlie Blackmon,COL,135,530,60,140,22,6,16,78,4,1,32,109,8,3,4,blackch02
111,Santiago Espinal,TOR,135,449,51,120,25,0,7,51,6,6,36,68,2,3,1,espinsa01
112,Nico Hoerner,CHC,135,481,60,135,22,5,10,55,20,2,28,57,6,2,4,hoernni01
113,Rougned Odor,BAL,135,426,49,88,19,3,13,53,6,1,32,109,10,4,1,odorro01
114,Luke Voit,TOT,135,500,55,113,22,0,22,69,1,1,55,179,7,6,1,voitlu01
115,Taylor Ward,LAA,135,495,73,139,22,2,23,65,5,3,60,120,4,5,0,wardta01
116,Brandon Marsh,TOT,134,424,49,104,18,4,11,52,10,4,28,158,3,3,1,marshbr02
117,Andrew McCutchen,MIL,134,515,66,122,25,0,17,69,8,6,57,124,4,4,1,mccutan01
118,Joc Pederson,SFG,134,380,57,104,19,3,23,70,3,2,42,100,7,4,3,pederjo01
119,David Peralta,TOT,134,439,39,110,30,3,12,59,1,3,41,114,4,6,5,peralda01
120,Andrew Vaughn,CHW,134,510,60,138,28,1,17,76,0,0,31,96,9,5,0,vaughan01
121,Patrick Wisdom,CHC,134,469,67,97,28,0,25,66,8,4,53,183,9,2,1,wisdopa01
122,Kolten Wong,MIL,134,430,65,108,24,4,15,47,17,6,46,88,14,5,2,wongko01
123,George Springer,TOR,133,513,89,137,22,4,25,76,14,2,54,100,7,5,1,springe01
124,Josh Donaldson,NYY,132,478,59,106,28,0,15,62,2,2,54,148,8,6,1,donaljo02
125,Victor Robles,WSN,132,366,42,82,10,2,6,33,15,4,17,104,9,4,0,roblevi01
126,Julio Rodriguez,SEA,132,511,84,145,25,3,28,75,25,7,40,145,8,1,4,rodriju01
127,Jackie Bradley Jr.,TOT,131,344,30,70,23,1,4,38,2,3,24,77,0,0,0,bradlja02
128,Teoscar Hernandez,TOR,131,499,71,133,35,1,25,77,6,3,34,152,2,0,0,hernate01
129,Carlos Santana,TOT,131,431,52,87,18,0,19,60,0,0,71,88,2,2,2,santaca01
130,Jonathan Schoop,DET,131,481,48,97,23,1,11,38,5,0,19,107,6,4,1,schoojo01
131,Aaron Hicks,NYY,130,384,54,83,9,2,8,40,10,3,62,109,4,2,3,hicksaa01
132,Owen Miller,CLE,130,424,53,103,26,1,6,51,2,0,32,93,7,9,1,milleow01
133,Anthony Rizzo,NYY,130,465,77,104,21,1,32,75,6,5,58,101,23,2,6,rizzoan01
134,Daniel Vogelbach,TOT,130,386,47,92,19,1,18,59,0,0,73,114,1,1,2,vogelda01
135,Jesus Aguilar,TOT,129,464,39,109,19,0,16,51,1,0,28,119,4,5,1,aguilje01
136,Michael Chavis,PIT,129,401,39,92,16,3,14,49,1,1,19,126,2,4,1,chavimi01
137,Robbie Grossman,TOT,129,411,40,86,19,1,7,45,6,2,56,129,6,4,0,grossro01
138,Gavin Lux,LAD,129,421,66,116,20,7,6,42,7,2,47,95,0,3,0,luxga01
139,MJ Melendez,KCR,129,460,57,100,21,3,18,62,2,3,66,131,1,7,1,melenmj01
140,Dylan Carlson,STL,128,432,56,102,30,4,8,42,5,2,45,94,7,4,1,carlsdy01
141,Hunter Dozier,KCR,128,462,51,109,26,4,12,41,4,3,34,125,3,1,0,doziehu01
142,Gary Sanchez,MIN,128,419,42,86,24,0,16,61,2,0,40,136,7,5,0,sanchga02
143,Raimel Tapia,TOR,128,411,47,109,20,3,7,52,8,2,16,81,0,1,0,tapiara01
144,Justin Turner,LAD,128,468,61,130,36,0,13,81,3,0,50,89,6,8,1,turneju01
145,Jonah Heim,TEX,127,406,51,92,20,1,16,48,2,0,41,87,1,2,0,heimjo01
146,Luis Rengifo,LAA,127,489,45,129,22,4,17,52,6,2,17,79,4,0,0,rengilu01
147,Bryson Stott,PHI,127,427,58,100,19,2,10,49,12,4,36,89,1,1,0,stottbr01
148,Andrew Benintendi,TOT,126,461,54,140,23,3,5,51,8,3,52,77,2,5,0,beninan01
149,Brendan Donovan,STL,126,391,64,110,21,1,5,45,2,3,60,70,14,2,1,donovbr01
150,Joey Gallo,TOT,126,350,48,56,8,2,19,47,3,0,56,163,3,1,0,gallojo01
151,Kole Calhoun,TEX,125,388,36,76,14,1,12,49,3,2,27,136,6,3,0,calhoko01
152,DJ LeMahieu,NYY,125,467,74,122,18,0,12,46,4,3,67,71,4,2,0,lemahdj01
153,Jose Miranda,MIN,125,444,45,119,25,0,15,66,1,1,28,91,10,1,0,miranjo01
154,Hunter Renfroe,MIL,125,474,62,121,23,1,29,72,1,1,39,121,4,3,1,renfrhu01
155,Josh Rojas,ARI,125,443,66,119,25,1,9,56,23,3,55,98,2,5,2,rojasjo01
156,Austin Slater,SFG,125,277,49,73,15,2,7,34,12,1,40,89,6,2,0,slateau01
157,Andrew Velazquez,LAA,125,322,37,63,8,0,9,28,17,1,15,119,3,3,0,velazan01
158,Jeimer Candelario,DET,124,429,49,93,19,2,13,50,0,1,28,109,6,4,1,candeje01
159,Nelson Cruz,WSN,124,448,50,105,16,0,10,64,4,0,49,119,4,3,1,cruzne02
160,Marcell Ozuna,ATL,124,470,56,106,19,0,23,56,2,1,31,122,2,4,0,ozunama01
161,Gavin Sheets,CHW,124,377,34,91,19,0,15,53,0,0,27,86,3,3,0,sheetga01
162,Michael A. Taylor,KCR,124,414,49,105,10,3,9,43,4,2,35,109,2,3,0,taylomi02
163,Gilberto Celestino,MIN,122,311,30,74,12,1,2,24,4,1,32,77,2,0,0,celesgi01
164,Josh Naylor,CLE,122,449,47,115,28,0,20,79,6,1,38,80,6,5,4,naylojo01
165,Lourdes Gurriel Jr.,TOR,121,453,52,132,32,1,5,52,3,4,31,83,6,2,1,gurrilo01
166,Harold Castro,DET,120,420,37,114,21,2,7,47,0,1,17,79,1,2,1,castrha01
167,Harold Ramirez,TBR,120,403,46,121,24,0,6,58,3,5,19,72,9,4,1,ramirha02
168,Tyrone Taylor,MIL,120,373,49,87,21,3,17,51,3,2,22,102,7,3,0,tayloty01
169,Ronald Acuna Jr.,ATL,119,467,71,124,24,0,15,50,29,11,53,126,10,3,4,acunaro01
170,Garrett Cooper,MIA,119,414,37,108,33,2,9,50,0,0,40,119,10,5,0,coopega03
171,Adam Engel,CHW,119,245,32,55,13,1,2,17,12,4,11,76,4,0,1,engelad01
172,Josh Harrison,CHW,119,386,50,99,19,2,7,27,2,1,21,71,14,2,0,harrijo05
173,Chas McCormick,HOU,119,359,47,88,12,2,14,44,4,3,46,106,1,1,0,mccorch01
174,Cal Raleigh,SEA,119,370,46,78,20,1,27,63,1,0,38,122,2,5,0,raleica01
175,Mike Trout,LAA,119,438,85,124,28,2,40,80,1,0,54,139,6,1,8,troutmi01
176,Luis Urias,MIL,119,406,54,97,17,1,16,47,1,2,50,99,11,5,0,uriaslu01
177,Christian Vazquez,TOT,119,398,41,109,23,0,9,52,1,4,22,69,3,3,0,vazquch01
178,Brandon Crawford,SFG,118,407,50,94,15,2,9,52,1,1,39,98,8,4,3,crawfbr01
179,José Iglesias,COL,118,439,48,128,30,0,3,47,2,3,17,56,8,3,0,iglesjo01
180,Starling Marte,NYM,118,466,76,136,24,5,16,63,18,9,26,97,13,0,0,martest01
181,Rafael Ortega,CHC,118,316,35,76,14,1,7,35,12,7,44,74,2,7,2,ortegra01
182,Franmil Reyes,TOT,118,438,43,97,17,2,14,47,2,1,30,157,2,3,0,reyesfr01
183,Darin Ruf,TOT,118,334,52,68,12,0,11,45,2,0,45,105,6,3,0,rufda01
184,Chris Taylor,LAD,118,402,45,89,25,3,10,43,10,1,44,160,5,3,2,tayloch03
185,Ramon Urias,BAL,118,403,50,100,17,1,16,51,1,0,30,98,5,4,1,uriasra01
186,Jared Walsh,LAA,118,423,41,91,18,2,15,44,2,1,27,138,4,0,4,walshja01
187,Bobby Dalbec,BOS,117,317,40,68,9,2,12,39,3,0,29,118,3,4,0,dalbebo01
188,Matt Vierling,PHI,117,325,41,80,12,2,6,32,7,4,23,70,3,6,0,vierlma01
189,J.D. Davis,TOT,115,318,46,79,16,1,12,35,1,1,39,122,6,2,1,davisjd01
190,Bryan De La Cruz,MIA,115,329,38,83,20,0,13,43,4,0,19,90,2,4,0,delacbr01
191,Ben Gamel,PIT,115,371,42,86,20,2,9,46,5,1,48,98,3,1,2,gamelbe01
192,Max Kepler,MIN,115,388,54,88,18,1,9,43,3,2,49,66,5,4,1,keplema01
193,Jose Trevino,NYY,115,335,39,83,12,1,11,43,2,1,15,62,2,1,0,trevijo01
194,Michael Harris,ATL,114,414,75,123,27,3,19,64,20,2,21,107,5,0,0,harrimi04
195,Salvador Perez,KCR,114,445,48,113,23,1,23,76,0,0,18,109,7,3,2,perezsa02
196,Jacob Stallings,MIA,114,346,25,77,12,0,4,34,0,1,29,83,6,2,0,stallja01
197,Ji-Man Choi,TBR,113,356,36,83,22,0,11,52,0,0,58,123,2,3,3,choiji01
198,Willson Contreras,CHC,113,416,65,101,23,2,22,55,4,2,45,103,24,2,0,contrwi01
199,Yonathan Daza,COL,113,372,56,112,21,2,2,34,0,3,26,58,4,5,0,dazayo01
200,Martin Maldonado,HOU,113,344,40,64,12,0,15,45,0,0,22,116,7,2,0,maldoma01
201,Christopher Morel,CHC,113,379,55,89,19,4,16,47,10,7,38,137,3,2,0,morelch01
202,Adley Rutschman,BAL,113,398,70,101,35,1,13,42,4,0,65,86,4,3,0,rutscad01
203,Alek Thomas,ARI,113,381,45,88,17,1,8,39,4,3,22,74,3,5,0,thomaal01
204,Miguel Cabrera,DET,112,397,25,101,10,0,5,43,1,0,28,101,3,5,3,cabremi01
205,Willi Castro,DET,112,365,47,88,18,2,8,31,9,4,15,82,8,3,0,castrwi01
206,Jace Peterson,MIL,112,288,44,68,14,2,8,34,12,1,33,85,2,3,2,peterja01
207,Keibert Ruiz,WSN,112,394,33,99,22,0,7,36,6,1,30,50,6,2,0,ruizke01
208,Connor Joe,COL,111,404,56,96,20,4,7,28,6,2,55,97,7,1,0,joeco01
209,Isaac Paredes,TBR,111,331,48,68,16,0,20,45,0,1,44,67,4,2,0,paredis01
210,Chad Pinder,OAK,111,361,38,85,18,0,12,42,2,0,14,118,0,2,0,pindech01
211,Seiya Suzuki,CHC,111,397,54,104,22,2,14,46,9,5,42,110,4,3,3,suzukse01
212,Eric Haase,DET,110,323,41,82,17,1,14,44,0,0,24,97,1,3,1,haaseer01
213,Austin Nola,SDP,110,347,40,87,15,0,4,40,2,1,34,60,6,9,1,nolaau01
214,Nick Senzel,CIN,110,373,45,86,13,0,5,25,8,5,30,76,5,1,0,senzeni01
215,Giancarlo Stanton,NYY,110,398,53,84,7,0,31,78,0,0,50,137,0,3,2,stantmi03
216,Spencer Torkelson,DET,110,360,38,73,16,1,8,28,0,1,37,99,5,2,0,torkesp01
217,Albert Pujols,STL,109,307,42,83,14,0,24,68,1,2,28,55,10,6,1,pujolal01
218,Abraham Toro,SEA,109,324,36,60,13,1,10,35,2,0,22,65,2,4,1,toroab01
219,Bradley Zimmer,TOT,109,105,18,13,5,0,2,5,3,2,5,45,6,0,0,zimmebr01
220,Lars Nootbaar,STL,108,290,53,66,16,3,14,40,4,1,51,71,1,5,1,nootbla01
221,Travis d'Arnaud,ATL,107,396,61,106,25,1,18,60,0,0,19,90,11,0,0,darnatr01
222,Kyle Isbel,KCR,106,256,32,54,10,4,5,28,9,6,16,75,3,2,0,isbelky01
223,Jack Suwinski,PIT,106,326,45,66,11,0,19,38,4,2,41,114,4,1,1,suwinja01
224,Elias Diaz,COL,105,351,29,80,18,2,9,51,0,1,25,82,2,3,0,diazel01
225,Austin Hedges,CLE,105,294,26,48,4,0,7,30,2,0,25,78,6,3,0,hedgeau01
226,Tyler Naquin,TOT,105,310,47,71,19,4,11,46,4,2,19,93,4,0,2,naquity01
227,Mauricio Dubon,TOT,104,243,31,52,9,0,5,24,2,3,13,30,1,5,0,dubonma01
228,Eric Hosmer,TOT,104,380,38,102,19,0,8,44,0,0,37,64,1,1,5,hosmeer01
229,Carson Kelly,ARI,104,317,40,67,18,0,7,35,2,0,29,71,4,4,0,kellyca02
230,Ryan McKenna,BAL,104,156,23,37,10,0,2,11,2,1,11,55,2,1,1,mckenry01
231,Yoan Moncada,CHW,104,397,41,84,18,1,12,51,2,0,32,114,2,1,2,moncayo01
232,Dylan Moore,SEA,104,205,41,46,11,2,6,24,21,8,34,75,13,1,2,mooredy01
233,Jorge Polanco,MIN,104,375,54,88,16,0,16,56,3,3,64,95,2,4,1,polanjo01
234,Jose Siri,TOT,104,301,53,64,13,2,7,24,14,2,20,108,3,1,0,sirijo01
235,Maikel Franco,WSN,103,371,31,85,15,0,9,39,1,0,12,75,2,3,0,francma02
236,Jonathan India,CIN,103,386,48,96,16,2,10,41,3,4,31,94,14,0,1,indiajo01
237,Jon Berti,MIA,102,358,47,86,17,3,4,28,41,5,42,89,3,1,0,bertijo01
238,Luis Guillorme,NYM,102,297,33,81,12,1,2,17,1,0,34,46,2,0,1,guilllu01
239,Emmanuel Rivera,TOT,102,330,46,77,16,3,12,40,1,2,23,83,5,1,0,riverem01
240,Max Stassi,LAA,102,333,32,60,12,1,9,30,0,0,38,112,2,1,0,stassma01
241,Alfonso Rivas,CHC,101,251,27,59,5,2,3,25,6,1,29,87,4,2,1,rivasal01
242,Joey Wendle,MIA,101,347,27,90,24,1,3,32,12,3,15,50,5,3,0,wendljo01
243,Nick Allen,OAK,100,299,31,62,13,0,4,19,3,2,19,64,1,1,0,allenni02
244,Christian Bethancourt,TOT,100,318,39,80,17,0,11,34,5,1,12,80,2,0,0,bethach01
245,Yasmani Grandal,CHW,99,327,15,66,7,0,5,27,1,0,45,79,2,2,1,grandya01
246,Bryce Harper,PHI,99,370,63,106,28,1,18,65,11,4,46,87,3,7,9,harpebr03
247,Jake McCarthy,ARI,99,321,53,91,16,3,8,43,23,3,23,76,6,1,0,mccarja02
248,Leody Taveras,TEX,99,314,39,82,14,2,5,34,11,5,21,88,2,3,0,taverle01
249,Brian Anderson,MIA,98,338,43,75,16,1,8,28,1,0,37,101,7,1,2,anderbr06
250,Jose Azocar,SDP,98,202,24,52,9,3,0,10,5,6,12,44,0,1,0,azocajo01
251,Avisail Garcia,MIA,98,357,31,80,9,0,8,35,4,0,17,109,4,2,0,garciav01
252,Luis Gonzalez,SFG,98,311,31,79,17,2,4,36,10,2,30,75,4,5,1,gonzalu03
253,Tomás Nido,NYM,98,284,31,68,15,0,3,28,0,0,14,76,1,2,0,nidoto01
254,Luis Robert,CHW,98,380,54,108,18,0,12,56,11,3,17,77,3,1,1,roberlu01
255,Jesus Sanchez,MIA,98,313,38,67,14,3,13,36,1,0,26,92,3,1,0,sanchje02
256,Jean Segura,PHI,98,354,45,98,9,0,10,33,13,6,25,58,7,1,1,segurje01
257,Joey Bart,SFG,97,261,34,56,6,0,11,25,2,1,26,112,4,0,0,bartjo01
258,Cavan Biggio,TOR,97,257,43,52,18,1,6,24,2,0,38,85,6,1,0,biggica01
259,William Contreras,ATL,97,334,51,93,14,1,20,45,2,0,39,104,1,2,1,contrwi02
260,Leury Garcia,CHW,97,300,38,63,8,0,3,20,2,0,7,65,3,3,0,garcile02
261,Diego Castillo,PIT,96,262,28,54,13,0,11,29,1,1,14,75,3,4,1,castidi02
262,Corey Dickerson,STL,96,281,28,75,17,1,6,36,0,0,12,48,2,2,1,dickeco01
263,Andrew Knizner,STL,96,260,28,56,10,0,4,25,0,1,26,62,6,0,0,kniznan01
264,Tyler O'Neill,STL,96,334,56,76,11,1,14,58,14,4,38,103,4,7,0,oneilty01
265,Victor Caratini,MIL,95,272,26,54,12,0,9,34,0,0,31,67,9,1,1,caratvi01
266,Tucker Barnhart,DET,94,281,16,62,10,0,1,16,0,0,25,74,1,0,0,barnhtu01
267,Yadiel Hernández,WSN,94,305,30,82,16,0,9,41,2,1,19,74,1,2,0,hernaya01
268,Ramon Laureano,OAK,94,346,49,73,18,0,13,34,11,6,25,104,12,0,0,laurera01
269,Trevor Story,BOS,94,357,53,85,22,0,16,66,13,0,32,122,3,4,4,storytr01
270,Sergio Alcantara,TOT,93,205,26,45,8,1,6,29,1,2,12,57,1,4,0,alcanse01
271,Luis Garcia,WSN,93,360,29,99,23,2,7,45,3,4,11,84,1,4,1,garcilu04
272,Riley Greene,DET,93,376,46,95,18,4,5,42,1,4,36,120,3,3,0,greenri03
273,Enrique Hernandez,BOS,93,361,48,80,24,0,6,45,0,2,34,71,3,4,0,hernaen02
274,Francisco Mejia,TBR,93,289,32,70,22,0,6,31,0,0,7,65,2,1,0,mejiafr01
275,Matt Reynolds,TOT,93,244,31,60,10,1,3,23,5,0,26,78,1,1,0,reynoma03
276,Byron Buxton,MIN,92,340,61,76,13,3,28,51,6,0,34,116,7,1,0,buxtoby01
277,Aledmys Díaz,HOU,92,305,35,74,13,0,12,38,1,1,18,53,2,2,0,diazal02
278,Victor Reyes,DET,92,315,27,80,19,3,3,34,2,2,13,77,4,4,0,reyesvi01
279,Oscar Gonzalez,CLE,91,362,39,107,27,0,11,43,1,2,15,75,3,2,2,gonzaos01
280,Cristian Pache,OAK,91,241,18,40,5,2,3,18,2,2,15,70,1,0,0,pachecr01
281,Joey Votto,CIN,91,322,31,66,18,1,11,41,0,0,44,97,10,0,0,vottojo01
282,CJ Abrams,TOT,90,284,33,70,12,2,2,21,7,4,5,50,9,2,0,abramcj01
283,Garrett Hampson,COL,90,199,29,42,7,3,2,15,12,2,21,63,1,2,0,hampsga01
284,Nolan Gorman,STL,89,283,44,64,13,0,14,35,1,0,28,103,2,0,0,gormano01
285,Evan Longoria,SFG,89,266,31,65,13,0,14,42,0,0,27,83,2,3,2,longoev01
286,Manuel Margot,TBR,89,336,36,92,18,2,4,47,7,3,24,68,2,1,1,margoma01
287,Reese McGuire,TOT,89,249,25,67,14,1,3,22,1,0,12,56,3,3,0,mcguire01
288,Sheldon Neuse,OAK,89,271,25,58,4,2,4,26,6,1,20,80,2,0,0,neusesh01
289,Jo Adell,LAA,88,268,22,60,12,2,8,27,4,2,11,107,4,1,0,adelljo01
290,Christian Arroyo,BOS,87,280,32,80,16,1,6,36,5,1,13,49,3,2,2,arroych01
291,Oneil Cruz,PIT,87,331,45,77,13,4,17,54,10,4,28,126,1,1,1,cruzon01
292,Harrison Bader,TOT,86,292,38,73,10,3,5,30,17,3,15,62,4,2,0,baderha01
293,Adam Duvall,ATL,86,287,39,61,16,1,12,36,0,2,21,101,5,2,0,duvalad01
294,Yan Gomes,CHC,86,277,23,65,12,0,8,31,2,0,8,47,3,4,0,gomesya01
295,Marwin Gonzalez,NYY,85,184,20,34,7,0,6,18,3,0,14,54,4,2,0,gonzama01
296,Franchy Cordero,BOS,84,242,36,53,17,1,8,29,4,1,28,92,1,2,1,cordefr02
297,Eloy Jiménez,CHW,84,292,40,86,12,0,16,54,0,0,28,72,3,4,0,jimenel02
298,Omar Narvaez,MIL,84,262,21,54,12,1,4,23,0,0,29,57,3,1,1,narvaom01
299,Wander Franco,TBR,83,314,46,87,20,3,6,33,8,0,26,33,0,4,1,francwa01
300,Sam Haggerty,SEA,83,176,29,45,9,1,5,23,13,1,18,53,4,2,3,haggesa01
301,Kyle Higashioka,NYY,83,229,27,52,7,0,10,31,0,1,12,52,1,4,0,higasky01
302,Jordan Luplow,ARI,83,205,26,36,5,0,11,28,5,1,25,60,3,1,1,luplojo01
303,Brett Phillips,TOT,83,201,22,29,6,0,5,15,7,0,16,94,3,1,0,phillbr02
304,Jorge Alfaro,SDP,82,256,25,63,14,0,7,40,1,0,11,98,4,3,0,alfarjo01
305,Brad Miller,TEX,81,222,20,47,3,0,7,32,4,2,18,70,0,1,0,millebr02
306,Aristides Aquino,CIN,80,259,24,51,13,0,10,30,2,3,17,101,0,0,0,aquinar01
307,Keston Hiura,MIL,80,234,34,53,8,1,14,32,5,2,23,111,8,1,0,hiurake01
308,Eddie Rosario,ATL,80,250,27,53,12,1,5,24,3,0,17,68,0,3,0,rosared01
309,Donovan Solano,CIN,80,278,22,79,16,0,4,24,0,0,19,61,5,2,1,solando01
310,Trayce Thompson,TOT,80,219,36,56,14,1,13,41,4,1,32,93,2,2,0,thomptr01
311,Tim Anderson,CHW,79,332,50,100,13,0,6,25,13,0,14,55,5,0,1,anderti01
312,Luke Williams,TOT,79,127,21,30,5,1,1,6,11,4,9,44,0,0,1,willilu01
313,Brandon Belt,SFG,78,254,25,54,9,1,8,23,1,0,37,81,6,1,2,beltbr01
314,Yadier Molina,STL,78,262,19,56,8,0,5,24,2,0,5,40,2,1,0,molinya01
315,Mike Moustakas,CIN,78,252,30,54,12,0,7,25,2,0,24,75,6,3,0,moustmi01
316,Kevin Newman,PIT,78,288,31,79,18,2,2,24,8,2,16,48,2,1,0,newmake01
317,Edmundo Sosa,TOT,78,176,26,40,11,4,2,21,6,1,5,50,7,1,0,sosaed01
318,Paul DeJong,STL,77,210,19,33,9,0,6,25,3,2,21,79,4,2,0,dejonpa01
319,Matt Duffy,LAA,77,228,14,57,8,0,2,16,0,0,17,50,2,0,0,duffyma01
320,Wil Myers,SDP,77,261,29,68,15,0,7,41,2,1,21,86,1,3,1,myerswi01
321,Nelson Velázquez,CHC,77,185,20,38,7,3,6,26,5,2,19,65,2,0,0,velazne01
322,LaMonte Wade Jr.,SFG,77,217,29,45,7,1,8,26,1,0,26,51,5,1,0,wadela01
323,Luke Maile,CLE,76,181,19,40,10,0,3,17,0,0,19,54,3,3,0,mailelu01
324,Juan Yepez,STL,76,253,27,64,13,0,12,30,0,0,16,61,1,4,0,yepezju01
325,Frank Schwindel,CHC,75,271,23,62,11,0,8,36,0,0,19,58,0,2,1,schwifr01
326,Pavin Smith,ARI,75,245,24,54,9,0,9,33,1,0,28,67,1,3,1,smithpa04
327,Guillermo Heredia,ATL,74,76,12,12,3,1,3,8,0,0,6,32,0,0,0,heredgu01
328,P.J. Higgins,CHC,74,201,23,46,11,1,6,30,0,0,22,58,2,1,0,higgipj01
329,Hanser Alberto,LAD,73,156,13,38,9,2,2,15,0,1,3,25,0,0,0,alberha01
330,Akil Baddoo,DET,73,201,30,41,3,2,2,9,9,6,24,64,0,0,0,baddoak01
331,Vimael Machin,OAK,73,223,26,49,12,0,1,13,1,1,25,47,2,3,0,machivi01
332,Josh Smith,TEX,73,213,23,42,5,0,2,16,4,3,28,50,7,3,0,smithjo11
333,Nick Fortes,MIA,72,217,41,50,6,1,9,24,5,3,18,45,5,0,0,forteni01
334,TJ Friedl,CIN,72,225,33,54,10,5,8,25,7,2,20,40,7,6,0,friedtj01
335,Danny Jansen,TOR,72,215,34,56,10,0,15,44,1,0,25,44,3,5,1,janseda01
336,Vinnie Pasquantino,KCR,72,258,25,76,10,0,10,26,1,0,35,34,3,2,1,pasquvi01
337,Jorge Soler,MIA,72,270,32,56,13,0,13,34,0,2,31,90,3,1,1,solerjo01
338,Rodolfo Castro,PIT,71,253,25,59,8,4,11,27,5,3,22,74,2,1,0,castrro01
339,Sam Hilliard,COL,70,174,26,32,6,1,2,14,5,1,23,57,1,2,0,hillisa01
340,Stephen Vogt,OAK,70,168,18,27,4,1,7,23,1,0,17,46,2,4,0,vogtst01
341,Mike Brosseau,MIL,69,141,15,36,5,0,6,23,2,0,14,48,5,0,0,brossmi01
342,Yu Chang,TOT,69,168,19,35,6,0,4,15,0,1,16,59,4,2,0,changyu01
343,Ernie Clement,TOT,69,163,19,30,4,0,0,6,0,1,11,26,2,1,0,clemeer01
344,Calvin Mitchell,PIT,69,212,21,48,11,0,5,17,3,1,18,52,0,1,0,mitchca01
345,Charlie Culberson,TEX,68,115,19,29,6,0,2,12,2,3,5,31,0,0,0,culbech01
346,Jake Fraley,CIN,68,216,33,56,9,0,12,28,4,1,26,54,3,2,1,fraleja01
347,Orlando Arcia,ATL,67,209,25,51,9,0,9,30,0,0,21,51,2,2,0,arciaor01
348,Robinson Chirinos,BAL,67,195,10,35,9,0,4,22,1,0,19,67,4,1,0,chiriro01
349,Ryan Jeffers,MIN,67,212,25,44,10,1,7,27,0,0,23,62,0,0,0,jeffery01
350,Ryan O'Hearn,KCR,67,134,14,32,6,1,1,16,0,0,8,35,2,1,0,ohearry01
351,Josh VanMeter,PIT,67,171,15,32,5,2,3,14,4,0,19,45,0,2,0,vanmejo01
352,Tyler Wade,LAA,67,147,22,32,5,0,1,8,8,5,10,33,1,0,0,wadety01
353,Kyle Garlick,MIN,66,150,23,35,3,0,9,18,0,0,8,48,3,1,0,garliky01
354,Cooper Hummel,ARI,66,176,20,31,8,3,3,17,4,1,23,64,1,1,0,hummeco01
355,JJ Bleday,MIA,65,204,21,34,10,2,5,16,4,1,30,67,2,2,0,bledajj01
356,Brandon Lowe,TBR,65,235,31,52,10,2,8,25,1,0,27,61,3,1,0,lowebr01
357,Austin Wynns,SFG,65,162,14,42,7,0,3,21,0,0,10,38,3,1,0,wynnsau01
358,Ozzie Albies,ATL,64,247,36,61,16,0,8,35,3,5,16,47,2,4,0,albieoz01
359,Albert Almora,CIN,64,215,26,48,10,1,5,29,3,2,17,46,1,1,0,almoral01
360,Michael Brantley,HOU,64,243,28,70,14,1,5,26,1,1,31,30,1,1,2,brantmi02
361,Didi Gregorius,PHI,63,214,17,45,9,4,1,19,1,0,13,36,3,2,0,gregodi01
362,Kevin Kiermaier,TBR,63,206,28,47,8,0,7,22,6,1,14,61,1,0,0,kiermke01
363,Kevin Plawecki,TOT,63,168,15,37,8,0,1,13,0,0,14,32,2,1,0,plaweke01
364,Ildemaro Vargas,TOT,63,209,19,55,13,1,4,23,3,1,8,23,3,1,0,vargail01
365,Austin Barnes,LAD,62,179,31,38,6,0,8,26,2,1,27,37,3,1,0,barneau01
366,Tyler Heineman,TOT,62,157,16,34,8,0,0,9,1,0,8,17,5,0,0,heinety01
367,Odubel Herrera,PHI,62,185,23,44,9,1,5,21,6,0,11,42,0,1,0,herreod01
368,Brian Serven,COL,62,187,19,38,4,1,6,16,0,0,13,44,2,1,0,servebr01
369,David Fletcher,LAA,61,216,20,55,9,1,2,17,1,0,7,16,3,0,0,fletcda02
370,James McCann,NYM,61,174,19,34,6,0,3,18,3,0,11,46,4,2,0,mccanja02
371,Seby Zavala,CHW,61,178,22,48,14,0,2,21,0,0,19,64,3,2,0,zavalse01
372,Jazz Chisholm Jr.,MIA,60,213,39,54,10,4,14,45,12,5,21,66,3,3,0,chishja01
373,Tommy La Stella,SFG,60,180,17,43,14,0,2,14,0,0,11,30,1,3,0,lasteto01
374,Alejo Lopez,CIN,59,145,15,38,5,1,1,10,3,1,9,21,2,0,1,lopezal03
375,Nick Madrigal,CHC,59,209,19,52,7,0,0,7,3,1,14,27,3,0,0,madrini01
376,Jonathan Villar,TOT,59,202,25,42,6,2,3,18,7,0,15,59,0,2,0,villajo01
377,Jonah Bride,OAK,58,162,17,33,4,0,1,6,1,0,19,32,4,1,0,bridejo01
378,Lewin Diaz,MIA,58,160,12,27,4,0,5,11,1,0,11,54,1,2,0,diazle01
379,Ezequiel Duran,TEX,58,208,25,49,10,1,5,25,4,1,12,54,0,0,0,duranez01
380,Jarren Duran,BOS,58,204,23,45,14,3,3,17,7,1,14,63,4,1,0,duranja01
381,Tyler Nevin,BAL,58,157,17,31,4,0,2,16,0,0,20,46,4,3,0,nevinty01
382,Dominic Smith,NYM,58,134,11,26,10,1,0,17,0,0,12,37,4,2,0,smithdo02
383,Curt Casali,TOT,57,148,20,30,4,0,5,17,0,0,24,50,2,2,0,casalcu01
384,Jason Delay,PIT,57,155,17,33,6,0,1,11,0,2,9,50,2,0,0,delayja01
385,Mitch Haniger,SEA,57,224,31,55,8,0,11,34,0,0,20,65,1,2,1,hanigmi01
386,Zach McKinstry,TOT,57,166,21,33,6,3,5,14,7,0,16,52,1,0,0,mckinza01
387,Rob Refsnyder,BOS,57,153,25,47,11,0,6,21,1,1,15,46,6,3,0,refsnro01
388,Kody Clemens,DET,56,117,13,17,4,0,5,17,1,0,8,33,0,2,0,clemeko01
389,Joey Meneses,WSN,56,222,33,72,14,0,13,34,1,0,15,52,1,2,2,menesjo01
390,Nomar Mazara,SDP,55,159,16,42,8,0,2,18,0,0,10,40,2,0,0,mazarno01
391,Oscar Mercado,TOT,55,121,17,25,6,1,4,16,2,2,5,29,1,1,0,mercaos01
392,Bubba Thompson,TEX,55,170,18,45,5,0,1,9,18,3,7,56,2,0,0,thompbu01
393,Luis Torrens,SEA,55,151,13,34,2,0,3,15,0,0,12,50,1,2,0,torrelu01
394,Jake Cave,MIN,54,164,17,35,7,3,5,20,2,0,11,49,0,2,0,caveja01
395,Mitch Garver,TEX,54,188,23,39,7,0,10,24,1,1,23,53,2,2,0,garvemi01
396,Jarred Kelenic,SEA,54,163,20,23,5,1,7,17,5,2,16,61,1,1,0,kelenja01
397,Richie Palacios,CLE,54,112,7,26,6,0,0,10,2,0,9,20,1,1,1,palacri01
398,Elehuris Montero,COL,53,176,21,41,15,1,6,20,0,0,8,60,1,0,0,monteel01
399,Edward Olivares,KCR,53,161,24,46,8,0,4,15,2,3,10,36,2,1,0,olivaed02
400,Vidal Brujan,TBR,52,147,13,24,5,0,3,16,5,5,12,37,1,2,0,brujavi01
401,Johan Camargo,PHI,52,152,8,36,3,0,3,15,0,0,13,37,0,0,0,camarjo01
402,Josh Lowe,TBR,52,181,24,40,12,2,2,13,3,0,15,66,1,0,1,lowejo01
403,Michael Massey,KCR,52,173,16,42,9,1,4,17,3,0,9,46,8,2,0,massemi02
404,Jake Meyers,HOU,52,150,13,34,6,2,1,15,2,1,7,54,2,1,0,meyerja02
405,David Villar,SFG,52,156,21,36,6,1,9,24,0,1,18,58,6,1,0,villada01
406,Jake Burger,CHW,51,168,20,42,9,1,8,26,0,0,10,56,3,1,1,burgeja01
407,Trevor Larnach,MIN,51,160,22,37,13,0,5,18,0,0,18,57,0,2,1,larnatr01
408,Austin Romine,TOT,51,129,10,20,3,0,3,9,0,0,4,46,1,0,0,rominau01
409,Kurt Suzuki,LAA,51,139,10,25,4,0,4,15,0,0,15,29,2,2,0,suzukku01
410,Mike Ford,TOT,50,131,9,27,5,0,3,10,0,0,17,40,1,0,0,fordmi01
411,Jed Lowrie,OAK,50,167,14,30,5,0,3,16,1,0,15,39,0,2,0,lowrije01
412,Tyler Stephenson,CIN,50,166,24,53,9,0,6,35,1,0,12,47,3,2,0,stephty01
413,Yoshi Tsutsugo,PIT,50,170,11,29,4,0,2,19,0,0,19,50,0,4,0,tsutsyo01
414,Tucupita Marcano,PIT,49,160,18,33,6,2,2,13,2,1,10,44,1,1,0,marcatu01
415,Nick Pratto,KCR,49,158,18,29,9,1,7,20,0,0,19,66,1,3,0,prattni01
416,Riley Adams,WSN,48,142,14,25,4,0,5,10,0,1,12,46,1,0,0,adamsri03
417,Jose Barrero,CIN,48,165,13,25,3,0,2,10,4,1,9,76,0,0,0,garcijo02
418,Jason Heyward,CHC,48,137,15,28,5,1,1,10,1,0,11,32,3,0,0,heywaja01
419,Charles Leblanc,MIA,48,156,18,41,10,0,4,11,4,2,12,53,1,0,0,leblach01
420,Alex Call,TOT,47,114,18,27,3,1,5,13,3,3,15,30,2,0,0,callal02
421,Matt Carpenter,NYY,47,128,28,39,9,0,15,37,0,0,19,35,5,1,1,carpema01
422,Aramis Garcia,CIN,47,108,6,23,2,0,1,4,0,1,3,34,2,0,0,garciar01
423,Jose Herrera,ARI,47,111,9,21,2,0,0,5,0,0,9,34,0,0,0,herrejo04
424,Anthony Rendon,LAA,47,166,15,38,10,0,5,24,2,0,23,35,2,2,0,rendoan01
425,Kevin Smith,OAK,47,139,9,25,9,1,2,13,4,0,7,42,0,2,0,smithke05
426,Eli White,TEX,47,105,16,21,2,0,3,10,12,1,11,41,0,1,0,whiteel04
427,Greg Allen,PIT,46,118,17,22,4,0,2,8,8,2,10,42,2,1,0,allengr01
428,Stuart Fairchild,TOT,46,97,14,24,4,1,5,6,0,2,8,34,5,0,0,faircst01
429,Garrett Stubbs,PHI,46,106,19,28,4,1,5,16,2,0,14,30,0,0,0,stubbga01
430,Alex Kirilloff,MIN,45,144,14,36,7,0,3,21,0,0,5,36,4,2,0,kirilal01
431,Michael Perez,TOT,45,121,10,18,0,0,6,14,1,0,10,32,0,0,0,perezmi03
432,Magneuris Sierra,LAA,45,91,7,15,1,3,0,5,6,1,4,25,0,0,0,sierrma01
433,Oswaldo Cabrera,NYY,44,154,21,38,8,1,6,19,3,2,15,44,0,1,0,cabreos01
434,Nate Eaton,KCR,44,106,16,28,4,3,1,12,11,1,10,30,2,3,0,eatonna01
435,Sam Huff,TEX,44,121,9,29,4,0,4,10,1,0,11,42,0,0,1,huffsa01
436,Travis Jankowski,TOT,44,55,11,9,0,0,0,2,3,0,8,10,1,0,0,jankotr01
437,Roman Quinn,TOT,44,79,15,17,3,2,0,7,4,3,7,36,1,0,0,quinnro01
438,Lorenzo Cain,MIL,43,145,17,26,5,0,1,9,2,2,8,36,2,1,0,cainlo01
439,Taylor Trammell,SEA,43,102,15,20,9,0,4,10,2,1,13,33,0,1,0,trammta01
440,Skye Bolt,OAK,42,106,10,21,2,0,4,13,5,0,7,30,2,1,0,boltsk01
441,Kris Bryant,COL,42,160,28,49,12,0,5,14,0,0,17,27,2,2,0,bryankr01
442,Colin Moran,CIN,42,109,11,23,3,0,5,23,0,0,16,30,0,3,0,moranco01
443,Stephen Piscotty,OAK,42,126,12,24,4,0,5,14,2,0,9,48,2,2,1,piscost01
444,David Bote,CHC,41,116,15,30,8,0,4,12,1,0,6,45,4,1,0,boteda01
445,Vaughn Grissom,ATL,41,141,24,41,6,0,5,18,5,2,11,34,3,1,1,grissva01
446,Darick Hall,PHI,41,136,19,34,8,1,9,16,0,0,5,44,1,0,0,hallda02
447,Jake Lamb,TOT,41,97,13,21,6,1,3,6,0,1,11,38,3,0,0,lambja01
448,Alcides Escobar,WSN,40,124,12,27,4,2,0,8,1,1,5,32,2,0,0,escobal02
449,Andy Ibáñez,TEX,40,119,13,26,4,0,1,9,3,0,9,21,0,0,0,ibanean01
450,Shea Langeliers,OAK,40,142,14,31,10,1,6,22,0,0,9,53,0,2,0,langesh01
451,Terrin Vavra,BAL,40,89,14,23,2,1,1,12,0,1,12,19,0,2,0,vavrate01
452,Dermis Garcia,OAK,39,116,13,24,6,0,5,20,0,0,8,55,1,0,0,garcide02
453,Bligh Madris,PIT,39,113,10,20,7,0,1,7,2,1,10,31,0,0,0,madribl01
454,Michael Papierski,TOT,39,91,7,13,1,0,1,4,0,0,10,26,0,0,0,papiemi01
455,Seth Beer,ARI,38,111,4,21,3,0,1,9,0,0,11,31,3,1,1,beerse01
456,Tim Locastro,NYY,38,43,13,8,1,0,2,4,8,2,2,7,1,0,0,locasti01
457,Ehire Adrianza,TOT,37,97,8,17,3,0,0,7,1,0,11,25,1,1,0,adriaeh01
458,Jonathan Davis,MIL,37,76,9,17,1,0,0,4,7,1,14,26,0,0,0,davisjo05
459,Billy Hamilton,TOT,37,20,13,1,0,0,0,0,10,1,2,12,0,0,0,hamilbi02
460,Mickey Moniak,TOT,37,106,13,18,3,1,3,8,1,0,4,44,1,0,0,moniami01
461,Miguel Andujar,TOT,36,132,13,31,5,1,1,17,4,1,5,27,0,3,0,andujmi01
462,Zack Collins,TOT,36,97,9,15,4,0,4,11,0,0,9,41,1,1,0,colliza01
463,Austin Meadows,DET,36,128,9,32,6,2,0,11,0,1,16,17,3,0,0,meadoau01
464,Jason Vosler,SFG,36,98,14,26,6,1,4,12,1,1,10,29,2,1,1,vosleja01
465,Mike Zunino,TBR,36,115,7,17,3,0,5,16,0,0,6,46,1,1,0,zuninmi01
466,Nick Solak,TEX,35,82,14,17,1,0,3,4,3,2,7,19,5,0,0,solakni01
467,Alan Trejo,COL,35,118,15,32,6,0,4,17,1,2,5,31,2,0,0,trejoal01
468,Jason Castro,HOU,34,78,6,9,2,0,1,3,1,0,8,40,1,1,0,castrja01
469,Phil Gosselin,TOT,34,74,6,11,0,1,0,2,0,0,2,24,1,0,0,gosseph01
470,Gunnar Henderson,BAL,34,116,12,30,7,1,4,18,1,1,16,34,0,0,1,hendegu01
471,Nick Maton,PHI,34,72,13,18,2,1,5,17,0,0,10,29,1,2,0,matonni01
472,Andrelton Simmons,CHC,34,75,8,13,1,0,0,7,4,0,7,13,0,0,0,simmoan01
473,Kyle Stowers,BAL,34,91,11,23,4,1,3,11,0,0,5,29,2,0,0,stoweky01
474,Robinson Canó,TOT,33,100,5,15,1,0,1,4,0,0,4,25,0,0,0,canoro01
475,Sandy Leon,TOT,33,71,6,12,3,0,0,4,0,0,13,27,0,0,0,leonsa01
476,Jonathan Aranda,TBR,32,78,10,15,4,0,2,6,0,0,8,23,1,0,1,arandjo01
477,Luis Barrera,OAK,32,77,3,18,5,0,1,7,3,0,6,17,1,1,0,barrelu01
478,Peyton Burdick,MIA,32,92,8,19,4,0,4,11,1,0,8,35,2,0,0,burdipe01
479,Corbin Carroll,ARI,32,104,13,27,9,2,4,14,2,1,8,31,3,0,0,carroco02
480,Romy Gonzalez,CHW,32,105,15,25,4,1,2,11,0,1,2,39,1,1,0,gonzaro01
481,J.J. Matijevic,HOU,32,67,7,14,2,0,2,5,1,0,2,25,2,0,0,matijjj01
482,Drew Waters,KCR,32,96,14,23,6,1,5,18,0,0,12,40,0,0,0,waterdr01
483,Kerry Carpenter,DET,31,103,16,26,4,1,6,10,0,0,6,32,3,1,0,carpeke01
484,Michael Hermosillo,CHC,31,61,7,7,2,0,0,4,1,0,7,27,4,0,0,hermomi01
485,Derek Hill,DET,31,83,8,19,2,0,1,3,3,0,5,28,0,1,0,hillde01
486,Jake Marisnick,PIT,31,77,9,18,6,0,2,6,2,1,4,24,0,0,1,marisja01
487,Danny Mendick,CHW,31,97,22,28,4,1,3,15,1,0,7,23,1,0,0,mendida01
488,Yermin Mercedes,SFG,31,73,9,17,5,0,1,8,0,0,9,17,1,0,0,merceye01
489,Michael Toglia,COL,31,111,10,24,8,2,2,12,1,1,9,44,0,0,0,toglimi01
490,Buddy Kennedy,ARI,30,83,10,18,2,2,1,12,0,0,8,23,1,2,0,kennebu01
491,Mark Mathias,TOT,30,81,13,20,3,0,6,20,3,0,9,30,0,1,0,mathima01
492,Jermaine Palacios,MIN,30,70,8,10,0,0,2,6,0,0,4,27,0,2,0,palacje01
493,Steven Duggar,TOT,29,72,7,11,3,1,0,4,5,1,7,41,0,1,0,duggast01
494,Yairo Munoz,PHI,29,57,7,12,2,0,3,7,1,0,3,10,0,0,0,munozya01
495,Josh Palacios,WSN,29,47,8,10,2,0,0,2,1,0,1,15,1,0,0,palacjo01
496,Matt Thaiss,LAA,29,69,9,15,1,0,2,8,1,0,11,24,0,1,1,thaisma01
497,Will Benson,CLE,28,55,8,10,1,0,0,3,0,0,3,19,2,0,0,bensowi01
498,Mark Contreras,MIN,28,58,9,7,1,0,3,6,1,0,1,21,1,1,0,contrma01
499,Jake Hager,ARI,28,50,4,12,2,0,0,3,0,0,8,17,0,0,0,hagerja01
500,Nolan Jones,CLE,28,86,10,21,5,0,2,13,0,0,8,31,0,0,1,jonesno01
501,Garrett Mitchell,MIL,28,61,9,19,3,0,2,9,8,0,6,28,0,0,0,mitchga01
502,Spencer Steer,CIN,28,95,12,20,5,0,2,8,0,1,11,26,2,0,0,steersp01
503,Sean Bouchard,COL,27,74,9,22,6,0,3,11,0,0,21,25,1,1,0,bouchse01
504,Triston Casas,BOS,27,76,11,15,1,0,5,12,1,0,19,23,0,0,0,casastr01
505,Stone Garrett,ARI,27,76,13,21,8,0,4,10,3,1,3,27,1,1,0,garrest01
506,Edwin Rios,LAD,27,86,12,21,1,0,7,17,0,1,5,36,1,0,1,riosed01
507,Connor Wong,BOS,27,48,8,9,3,0,1,7,0,0,5,16,1,1,0,wongco01
508,Travis Demeritte,ATL,26,89,9,19,2,0,3,6,0,0,6,32,0,1,0,demertr01
509,Josh Jung,TEX,26,98,9,20,4,1,5,14,2,0,4,39,0,0,0,jungjo01
510,Ryan Kreidler,DET,26,73,8,13,1,0,1,6,0,1,6,22,1,2,0,kreidry01
511,Chris Owings,BAL,26,56,6,6,2,0,0,0,1,0,10,24,1,0,0,owingch01
512,Meibrys Viloria,TEX,26,63,10,10,1,0,2,5,0,0,11,29,0,1,0,vilorme01
513,Gabriel Moreno,TOR,25,69,10,22,1,0,1,7,0,0,4,8,0,0,0,morenga01
514,Rene Pinto,TBR,25,80,5,17,3,0,2,10,0,0,2,35,1,0,0,pintore02
515,Chuckie Robinson,CIN,25,59,3,8,2,0,2,5,0,0,0,17,0,0,0,robinch04
516,Michael Stefanic,LAA,25,61,5,12,2,0,0,0,0,0,5,12,2,0,0,stefami01
517,Donovan Walton,TOT,25,76,9,12,8,0,1,8,0,0,1,16,1,0,0,waltodo01
518,Tyler Freeman,CLE,24,77,9,19,3,0,0,3,1,0,4,11,4,1,0,freemty01
519,Patrick Mazeika,NYM,24,68,4,13,4,0,1,6,0,0,2,9,0,0,0,mazeipa01
520,Jerar Encarnacion,MIA,23,77,7,14,3,0,3,14,2,0,3,32,0,1,0,encarje01
521,Jack Mayfield,LAA,23,70,8,13,1,1,1,6,1,0,3,17,1,0,0,mayfija01
522,Billy McKinney,OAK,23,52,3,5,1,0,1,4,0,0,4,16,0,1,1,mckinbi01
523,Hoy Park,PIT,23,51,7,11,2,0,2,6,1,0,4,15,1,2,0,parkho01
524,Cal Stevenson,OAK,23,60,5,10,3,0,0,1,1,1,8,23,0,1,0,steveca01
525,Anthony Bemboom,BAL,22,52,4,6,2,0,1,1,0,0,6,17,0,0,0,bemboan01
526,Willie Calhoun,TOT,22,52,7,7,3,0,1,3,0,0,9,8,1,0,0,calhowi01
527,Conner Capel,TOT,22,52,7,16,0,1,3,11,1,1,5,10,0,2,0,capelco01
528,Ben DeLuzio,STL,22,20,3,3,1,0,0,0,0,1,3,5,1,0,0,deluzbe01
529,Caleb Hamilton,MIN,22,18,5,1,0,0,1,1,0,0,4,14,0,0,0,hamilca01
530,David MacKinnon,TOT,22,50,2,7,0,0,0,6,0,0,6,17,0,1,0,mackida01
531,Luke Raley,TBR,22,61,7,12,2,0,1,4,0,0,7,24,3,1,0,raleylu01
532,Jose Rojas,LAA,22,56,1,7,2,0,0,1,0,0,0,19,1,0,0,rojasjo02
533,Dee Strange-Gordon,WSN,22,59,6,18,1,1,0,2,3,2,0,8,0,0,0,gordode01
534,Willians Astudillo,MIA,21,54,5,13,0,0,1,4,1,0,1,3,0,0,0,astudwi01
535,Daz Cameron,DET,21,64,6,14,3,1,1,8,2,0,5,20,1,0,0,camerda01
536,Roberto Perez,PIT,21,60,8,14,2,0,2,8,0,0,9,25,0,0,0,perezro02
537,Matt Beaty,SDP,20,43,6,4,1,1,0,1,0,0,2,8,2,0,0,beatyma01
538,Juan Lagares,LAA,20,60,4,11,2,1,0,0,0,0,2,15,0,0,0,lagarju01
539,Miguel Sano,MIN,20,60,1,5,0,0,1,3,1,0,9,25,1,1,0,sanomi01
540,Tres Barrera,WSN,19,50,2,9,1,0,0,4,0,0,2,16,0,0,0,barretr01
541,Jackson Frazier,CHC,19,37,4,8,3,0,0,1,1,0,7,11,1,0,0,frazicl01
542,Cam Gallagher,KCR,18,42,1,9,5,0,0,5,0,0,3,13,0,0,0,gallaca01
543,Kyle Lewis,SEA,18,56,6,8,0,0,3,5,0,0,5,19,1,0,0,lewisky01
544,Oswald Peraza,NYY,18,49,8,15,3,0,1,2,2,0,6,9,2,0,0,perazos02
545,Livan Soto,LAA,18,55,9,22,5,1,1,9,1,1,2,13,0,1,0,sotoli01
546,Cole Tucker,PIT,18,63,3,11,1,1,0,2,1,0,0,25,0,0,0,tuckeco01
547,Miguel Vargas,LAD,18,47,4,8,1,0,1,8,1,0,2,13,0,1,0,vargami01
548,Matt Wallner,MIN,18,57,4,13,3,0,2,10,1,0,6,25,2,0,1,wallnma01
549,Nick Ahmed,ARI,17,52,7,12,2,0,3,7,0,1,2,15,0,0,0,ahmedni01
550,Estevan Florial,NYY,17,31,4,3,0,0,0,1,2,0,3,13,1,0,0,flories01
551,Jordan Groshans,MIA,17,61,9,16,0,0,1,2,0,0,4,13,0,0,0,groshjo01
552,Sebastian Rivero,KCR,17,26,2,4,0,0,0,1,0,0,2,10,0,0,0,riverse01
553,Esteury Ruiz,TOT,17,35,3,6,1,1,0,2,1,2,1,7,0,0,0,ruizes01
554,Yolmer Sanchez,TOT,17,37,1,4,0,0,0,2,0,2,5,13,0,0,0,sanchca01
555,Justin Upton,SEA,17,48,2,6,1,0,1,3,0,0,6,23,3,0,0,uptonju01
556,Gabriel Arias,CLE,16,47,9,9,1,1,1,5,1,0,8,16,1,0,0,ariasga01
557,Lewis Brinson,SFG,16,36,5,6,2,0,3,4,1,0,2,14,0,0,0,brinsle01
558,Alec Burleson,STL,16,48,4,9,1,0,1,3,1,0,5,9,0,0,0,burleal01
559,Luis Campusano,SDP,16,48,4,12,1,0,1,5,0,0,1,11,0,1,0,campulu01
560,Erik Gonzalez,MIA,16,37,4,7,1,0,0,3,1,0,4,12,0,0,0,gonzaer01
561,David Hensley,HOU,16,29,7,10,2,1,1,5,0,0,5,6,0,0,0,henslda01
562,Andrew Knapp,TOT,16,39,4,5,1,0,0,4,0,0,5,12,1,1,0,knappan01
563,Zach Reks,TEX,16,34,3,9,1,0,0,3,0,1,0,10,0,0,0,reksza01
564,Brent Rooker,TOT,16,32,1,4,1,0,0,2,0,0,3,11,1,0,0,rookebr01
565,Mark Vientos,NYM,16,36,3,6,1,0,1,3,0,0,5,12,0,0,0,vientma01
566,Abraham Almonte,BOS,15,35,7,9,2,0,1,2,1,0,1,12,1,0,0,almonab01
567,Jonathan Arauz,TOT,15,38,3,5,0,0,1,5,0,0,1,12,0,1,0,arauzjo01
568,Matthew Batten,SDP,15,19,0,2,1,0,0,1,0,0,2,6,1,0,0,battema01
569,Jordan Diaz,OAK,15,49,3,13,3,0,0,1,0,0,2,7,0,0,0,diazjo03
570,Niko Goodrum,HOU,15,43,2,5,2,0,0,1,1,0,2,23,0,0,0,goodrni01
571,Payton Henry,MIA,15,28,2,4,0,0,0,4,0,0,5,8,2,0,0,henrypa01
572,Adalberto Mondesí,KCR,15,50,3,7,0,0,0,3,5,0,4,20,0,0,0,mondera02
573,Eddy Alvarez,LAD,14,25,1,4,0,0,0,3,1,0,0,9,0,1,0,alvared01
574,Jeter Downs,BOS,14,39,4,6,1,0,1,4,0,0,1,21,0,1,0,downsje01
575,Dalton Guthrie,PHI,14,21,3,7,0,0,1,5,1,0,6,7,1,0,0,guthrda01
576,Adam Haseley,CHW,14,21,4,5,0,0,0,2,0,0,3,7,0,0,0,haselad01
577,Elier Hernandez,TEX,14,33,4,6,2,0,0,3,0,0,1,15,0,1,0,hernael02
578,Tom Murphy,SEA,14,33,9,10,2,0,1,1,0,0,8,13,0,0,0,murphto04
579,Dom Nunez,COL,14,33,3,4,1,0,0,2,0,0,6,10,0,2,0,nunezdo01
580,Nick Plummer,NYM,14,29,4,4,1,0,2,6,0,0,1,12,1,0,0,plummni01
581,Esteban Quiroz,CHC,14,40,3,11,0,0,0,3,1,1,4,9,2,0,0,quiroes01
582,Matt Davidson,TOT,13,34,3,5,0,0,2,3,0,1,3,13,0,0,0,davidma02
583,Alex Dickerson,ATL,13,33,3,4,0,0,1,2,0,0,3,9,0,0,0,dickeal01
584,Richie Martin,BAL,13,30,4,5,0,2,0,3,3,1,3,10,0,0,0,martiri01
585,Kevin Padlo,TOT,13,33,0,4,1,0,0,3,0,0,1,10,0,0,0,padloke01
586,Max Schrock,CIN,13,26,1,4,0,0,0,1,0,0,1,6,0,0,0,schroma01
587,Tim Beckham,MIN,12,25,1,2,0,0,0,1,0,0,0,9,0,0,0,beckhti01
588,Wynton Bernard,COL,12,42,9,12,1,0,0,3,3,1,0,8,0,0,0,bernawy01
589,Jaylin Davis,BOS,12,24,4,8,1,0,0,2,0,0,3,11,0,0,0,davisja03
590,Kelvin Gutierrez,BAL,12,28,2,4,1,0,0,3,1,0,4,8,0,0,0,gutieke01
591,Yonny Hernandez,ARI,12,24,2,2,0,0,0,0,2,0,2,4,0,0,0,hernayo02
592,Korey Lee,HOU,12,25,1,4,2,0,0,4,0,0,1,9,0,0,0,leeko01
593,Royce Lewis,MIN,12,40,5,12,4,0,2,5,0,0,1,5,0,0,0,lewisro02
594,Chad Wallach,LAA,12,35,3,5,1,0,1,4,0,0,4,9,0,0,0,wallach01
595,Brett Baty,NYM,11,38,4,7,0,0,2,5,0,0,2,8,1,0,0,batybr01
596,Will Brennan,CLE,11,42,6,15,1,1,1,8,2,1,2,4,1,0,1,brennwi02
597,Ivan Herrera,STL,11,18,0,2,0,0,0,1,0,0,2,8,0,1,0,herreiv01
598,Ender Inciarte,NYM,11,8,1,1,0,0,0,0,0,0,0,0,0,0,0,inciaen01
599,Bryce Johnson,SFG,11,18,1,2,0,0,0,2,0,0,1,7,0,0,0,johnsbr03
600,Lenyn Sosa,CHW,11,35,3,4,1,0,1,1,0,0,1,12,0,0,0,sosale01
601,Ji Hwan Bae,PIT,10,33,5,11,3,0,0,6,3,0,2,6,2,0,0,baeji01
602,Lucius Fox,WSN,10,25,2,2,0,0,0,2,1,0,1,9,0,0,0,foxlu01
603,Jose Godoy,TOT,10,20,3,1,0,0,0,1,0,0,2,9,0,0,0,godoyjo01
604,Terrance Gore,NYM,10,7,1,1,0,0,0,0,3,0,0,3,0,0,0,gorete01
605,Mark Kolozsvary,CIN,10,20,3,4,2,0,1,3,0,0,1,9,0,0,0,kolozma01
606,Cody Thomas,OAK,10,30,1,8,0,0,0,0,0,0,2,12,0,0,0,thomaco01
607,Maikel Garcia,KCR,9,22,1,7,1,0,0,2,0,0,1,5,0,0,0,garcima01
608,Monte Harrison,LAA,9,11,5,2,0,0,1,3,1,0,2,8,1,0,0,harrimo01
609,Simon Muzziotti,PHI,9,7,0,1,0,0,0,0,0,0,0,2,1,0,0,muzzisi01
610,Heliot Ramos,SFG,9,20,4,2,0,0,0,0,0,0,2,6,0,0,0,ramoshe02
611,Michael Siani,CIN,9,24,1,4,0,0,0,0,0,1,0,7,0,0,0,sianimi01
612,Ezequiel Tovar,COL,9,33,2,7,1,0,1,2,0,0,2,9,0,0,0,tovarez01
613,Bobby Bradley,CLE,8,17,1,2,0,0,0,0,0,0,0,9,0,0,0,bradlbo01
614,Vinny Capra,TOR,8,5,2,1,0,0,0,0,0,0,2,1,0,0,0,capravi01
615,Dustin Garneau,DET,8,10,1,3,1,0,0,1,0,0,1,4,0,0,0,garnedu01
616,Gosuke Katoh,TOR,8,7,2,1,1,0,0,0,0,0,3,1,0,0,0,katohgo01
617,Otto Lopez,TOR,8,9,0,6,0,0,0,3,0,1,1,1,0,0,0,lopezot01
618,Miles Mastrobuoni,TBR,8,16,1,3,0,0,0,0,1,0,1,6,0,0,0,mastrmi01
619,Mark Payton,CHW,8,21,3,3,0,0,0,1,0,0,4,4,0,0,0,paytoma01
620,Pedro Severino,MIL,8,18,0,4,2,0,0,1,0,0,3,7,0,0,0,severpe01
621,Dillon Thomas,LAA,8,11,1,1,0,0,0,0,0,0,2,6,1,0,0,thomadi01
622,Ryan Aguilar,LAA,7,22,2,3,1,0,0,2,0,0,2,14,1,1,0,aguilry01
623,Drew Ellis,TOT,7,16,2,3,1,0,0,1,0,0,1,7,0,0,0,ellisdr01
624,Luis Liberato,SDP,7,5,0,0,0,0,0,0,0,0,0,3,0,0,0,liberlu01
625,Chris Okey,CIN,7,12,3,2,0,0,0,0,0,0,0,5,1,0,0,okeych01
626,Carlos Perez,CHW,7,18,0,4,2,0,0,2,0,0,0,2,0,0,0,perezca03
627,Ford Proctor,SFG,7,18,3,2,0,0,1,6,0,0,2,3,0,2,0,proctfo01
628,Eguy Rosario,SDP,7,5,0,1,0,0,0,0,0,0,1,2,0,0,0,rosareg01
629,Travis Shaw,BOS,7,19,0,0,0,0,0,0,0,0,0,7,0,0,0,shawtr01
630,Yainer Diaz,HOU,6,8,0,1,1,0,0,1,0,0,1,2,0,0,0,diazya02
631,Brewer Hicklen,KCR,6,4,1,0,0,0,0,0,0,0,0,4,0,0,0,hicklbr01
632,Bryan Lavastida,CLE,6,12,0,1,0,0,0,0,0,0,3,4,0,0,0,lavasbr01
633,Zack Short,DET,6,9,2,0,0,0,0,2,1,0,2,5,0,2,0,shortza01
634,Steven Souza Jr.,SEA,6,19,0,3,0,0,0,1,0,0,0,8,0,0,0,souzast01
635,Jared Young,CHC,6,19,2,5,2,0,0,0,1,0,3,7,0,0,0,youngja02
636,Austin Allen,OAK,5,14,1,1,0,0,0,0,0,0,1,9,1,0,0,allenau01
637,Francisco Álvarez,NYM,5,12,3,2,1,0,1,1,0,0,2,4,0,0,0,alvarfr01
638,Rylan Bannon,TOT,5,14,0,2,0,0,0,0,0,0,0,5,1,0,0,bannory01
639,Dairon Blanco,KCR,5,7,1,2,0,0,0,2,1,0,0,4,0,0,0,blancda02
640,Brandon Dixon,SDP,5,14,1,3,1,0,0,1,0,0,0,5,0,0,0,dixonbr01
641,Alex Jackson,MIL,5,12,0,3,0,0,0,0,0,0,0,7,0,0,0,jacksal02
642,Dixon Machado,SFG,5,15,1,3,0,0,0,0,0,0,1,5,1,0,0,machadi01
643,Deven Marrero,NYM,5,6,0,0,0,0,0,0,1,0,0,3,0,0,0,marrede01
644,Bo Naylor,CLE,5,8,0,0,0,0,0,0,0,0,0,5,0,0,0,naylobo01
645,Logan O'Hoppe,LAA,5,14,1,4,0,0,0,2,0,0,2,3,0,0,0,ohopplo01
646,Manny Pina,ATL,5,14,1,2,0,0,0,2,0,0,1,1,1,1,0,pinama01
647,Pablo Reyes,MIL,5,15,1,4,0,0,0,0,0,0,1,2,0,0,0,reyespa01
648,Travis Swaggerty,PIT,5,9,0,1,0,0,0,0,0,0,0,4,0,0,0,swaggtr01
649,Steele Walker,TEX,5,14,1,1,0,0,1,1,0,0,2,4,0,0,0,walkest01
650,Aaron Whitefield,LAA,5,11,0,0,0,0,0,0,0,0,0,5,0,0,0,whiteaa01
651,Félix Bautista,BAL,4,0,0,0,0,0,0,0,0,0,0,0,0,0,0,bautife01
652,Taylor Clarke,KCR,4,0,0,0,0,0,0,0,0,0,0,0,0,0,0,clarkta01
653,Dylan Coleman,KCR,4,0,0,0,0,0,0,0,0,0,0,0,0,0,0,colemdy01
654,Narciso Crook,CHC,4,8,1,2,1,0,0,2,0,0,0,3,0,1,0,crookna01
655,Christian Lopes,OAK,4,9,0,0,0,0,0,0,0,0,1,5,0,0,0,lopesch01
656,Jorge Lopez,TOT,4,0,0,0,0,0,0,0,0,0,0,0,0,0,0,lopezjo02
657,Mickey McDonald,OAK,4,4,0,0,0,0,0,0,0,0,2,3,0,0,0,mcdonmi01
658,James Outman,LAD,4,13,6,6,2,0,1,3,0,0,2,7,1,0,0,outmaja01
659,Kevin Pillar,LAD,4,12,1,1,1,0,0,0,0,0,1,4,0,0,0,pillake01
660,Israel Pineda,WSN,4,13,1,1,0,0,0,0,0,0,1,7,0,0,0,pinedis01
661,Daniel Bard,COL,3,0,0,0,0,0,0,0,0,0,0,0,0,0,0,bardda01
662,Scott Barlow,KCR,3,0,0,0,0,0,0,0,0,0,0,0,0,0,0,barlosc01
663,Brendon Davis,DET,3,10,2,2,0,0,0,0,1,0,1,3,0,0,0,davisbr04
664,Austin Dean,SFG,3,8,1,3,0,0,0,0,0,0,1,0,0,0,0,deanau01
665,Wilmer Difo,ARI,3,6,0,0,0,0,0,0,0,0,0,1,0,0,0,difowi01
666,Joe Dunand,MIA,3,10,2,3,1,0,1,1,0,0,0,3,1,0,0,dunanjo01
667,Jhoan Duran,MIN,3,0,0,0,0,0,0,0,0,0,0,0,0,0,0,duranjh01
668,Freddy Fermin,KCR,3,7,1,0,0,0,0,0,0,1,0,3,0,0,0,fermifr01
669,Ronald Guzman,NYY,3,6,0,0,0,0,0,0,0,0,0,5,0,0,0,guzmaro01
670,Drew Jackson,OAK,3,3,0,0,0,0,0,0,0,0,0,1,0,0,0,jacksdr01
671,Jason Krizan,SFG,3,8,0,1,0,0,0,0,0,0,2,3,0,0,0,krizaja01
672,Donny Sands,PHI,3,3,0,0,0,0,0,0,0,0,1,1,0,0,0,sandsdo01
673,Tanner Scott,MIA,3,0,0,0,0,0,0,0,0,0,0,0,0,0,0,scottta01
674,Paul Sewald,SEA,3,0,0,0,0,0,0,0,0,0,0,0,0,0,0,sewalpa01
675,Canaan Smith-Njigba,PIT,3,5,1,1,1,0,0,0,0,0,1,0,1,0,0,smithca05
676,DJ Stewart,BAL,3,3,0,0,0,0,0,0,0,0,0,2,0,0,0,stewadj01
677,Marcus Wilson,SEA,3,5,1,1,0,0,0,0,0,0,1,4,0,0,0,wilsoma02
678,Anthony Alford,PIT,2,4,0,1,0,0,0,0,0,0,0,2,0,0,0,alforan01
679,Tyler Anderson,LAD,2,1,0,0,0,0,0,0,0,0,0,1,0,0,0,anderty01
680,Phil Bickford,LAD,2,0,0,0,0,0,0,0,0,0,0,0,0,0,0,bickfph01
681,Diego Castillo,SEA,2,0,0,0,0,0,0,0,0,0,0,0,0,0,0,castidi01
682,Edwin Díaz,NYM,2,0,0,0,0,0,0,0,0,0,0,0,0,0,0,diazed04
683,Tyler Duffey,MIN,2,0,0,0,0,0,0,0,0,0,0,0,0,0,0,duffety01
684,Mario Feliciano,MIL,2,4,0,1,0,0,0,0,0,0,1,1,0,0,0,felicma01
685,Grayson Greiner,ARI,2,6,0,1,0,0,0,0,0,0,2,3,0,0,0,greingr01
686,Tommy Hunter,NYM,2,0,0,0,0,0,0,0,0,0,0,0,0,0,0,hunteto02
687,Khalil Lee,NYM,2,2,1,1,0,0,1,3,0,0,0,0,0,0,0,leekh01
688,Josh Lester,DET,2,5,0,0,0,0,0,0,0,0,0,3,0,0,0,lestejo02
689,Adonis Medina,NYM,2,0,0,0,0,0,0,0,0,0,0,0,0,0,0,medinad01
690,Mark Melancon,ARI,2,0,0,0,0,0,0,0,0,0,0,0,0,0,0,melanma01
691,Taylor Motter,CIN,2,6,0,1,0,0,0,0,0,0,0,3,0,0,0,motteta01
692,Kyle Nelson,ARI,2,0,0,0,0,0,0,0,0,0,0,0,0,0,0,nelsoky01
693,Brian O'Keefe,SEA,2,3,0,1,0,0,0,0,0,0,1,2,0,0,0,okeefbr01
694,Joel Payamps,TOT,2,0,0,0,0,0,0,0,0,0,0,0,0,0,0,payamjo01
695,Cionel Pérez,BAL,2,0,0,0,0,0,0,0,0,0,0,0,0,0,0,perezci01
696,Sean Poppen,ARI,2,0,0,0,0,0,0,0,0,0,0,0,0,0,0,poppese01
697,Jake Reed,TOT,2,0,0,0,0,0,0,0,0,0,0,0,0,0,0,reedja02
698,JT Riddle,CIN,2,4,0,1,0,0,0,0,0,0,0,1,0,0,0,riddljt01
699,David Robertson,TOT,2,1,0,0,0,0,0,0,0,0,0,1,0,0,0,roberda08
700,Kramer Robertson,STL,2,1,0,0,0,0,0,1,0,0,0,0,0,0,0,roberkr01
701,Joely Rodriguez,NYM,2,0,0,0,0,0,0,0,0,0,0,0,0,0,0,rodrijo06
702,Collin Snider,KCR,2,0,0,0,0,0,0,0,0,0,0,0,0,0,0,snideco01
703,Josh Staumont,KCR,2,0,0,0,0,0,0,0,0,0,0,0,0,0,0,staumjo01
704,Dillon Tate,BAL,2,0,0,0,0,0,0,0,0,0,0,0,0,0,0,tatedi01
705,Caleb Thielbar,MIN,2,0,0,0,0,0,0,0,0,0,0,0,0,0,0,thielca01
706,Trevor Williams,NYM,2,0,0,0,0,0,0,0,0,0,0,0,0,0,0,willitr01
707,Tony Wolters,LAD,2,4,0,0,0,0,0,0,0,0,0,3,0,0,0,wolteto01
708,Albert Abreu,TOT,1,0,0,0,0,0,0,0,0,0,0,0,0,0,0,abreual01
709,Scott Alexander,SFG,1,0,0,0,0,0,0,0,0,0,0,0,0,0,0,alexasc02
710,Jose Alvarado,PHI,1,1,0,0,0,0,0,0,0,0,0,1,0,0,0,alvarjo03
711,Mark Appel,PHI,1,0,0,0,0,0,0,0,0,0,0,0,0,0,0,appelma01
712,Joe Barlow,TEX,1,0,0,0,0,0,0,0,0,0,0,0,0,0,0,barlojo01
713,Anthony Bass,TOT,1,0,0,0,0,0,0,0,0,0,0,0,0,0,0,bassan01
714,David Bednar,PIT,1,0,0,0,0,0,0,0,0,0,0,0,0,0,0,bednada01
715,Andrew Bellatti,PHI,1,0,0,0,0,0,0,0,0,0,0,0,0,0,0,bellaan01
716,Travis Blankenhorn,NYM,1,3,0,0,0,0,0,0,0,0,0,1,0,0,0,blanktr01
717,Richard Bleier,MIA,1,0,0,0,0,0,0,0,0,0,0,0,0,0,0,bleieri01
718,Ronald Bolanos,KCR,1,0,0,0,0,0,0,0,0,0,0,0,0,0,0,bolanro01
719,Rob Brantly,NYY,1,3,0,1,1,0,0,0,0,0,0,0,0,0,0,brantro01
720,Matt Brash,SEA,1,0,0,0,0,0,0,0,0,0,0,0,0,0,0,brashma01
721,Justin Bruihl,LAD,1,0,0,0,0,0,0,0,0,0,0,0,0,0,0,bruihju01
722,Aaron Bummer,CHW,1,0,0,0,0,0,0,0,0,0,0,0,0,0,0,bummeaa01
723,Alex Colome,COL,1,0,0,0,0,0,0,0,0,0,0,0,0,0,0,colomal01
724,Ronnie Dawson,CIN,1,3,0,0,0,0,0,0,0,0,0,2,0,0,0,dawsoro01
725,Enyel De Los Santos,CLE,1,0,0,0,0,0,0,0,0,0,0,0,0,0,0,delosen01
726,Yusniel Diaz,BAL,1,1,0,0,0,0,0,0,0,0,0,1,0,0,0,diazyu01
727,Carlos Estevez,COL,1,0,0,0,0,0,0,0,0,0,0,0,0,0,0,estevca01
728,Jeurys Familia,TOT,1,0,0,0,0,0,0,0,0,0,0,0,0,0,0,familje01
729,Dylan Floro,MIA,1,0,0,0,0,0,0,0,0,0,0,0,0,0,0,florody01
730,Matt Foster,CHW,1,0,0,0,0,0,0,0,0,0,0,0,0,0,0,fostema01
731,Michael Fulmer,TOT,1,0,0,0,0,0,0,0,0,0,0,0,0,0,0,fulmemi01
732,Rico Garcia,BAL,1,0,0,0,0,0,0,0,0,0,0,0,0,0,0,garciri01
733,Lucas Gilbreath,COL,1,0,0,0,0,0,0,0,0,0,0,0,0,0,0,gilbrlu01
734,Kevin Ginkel,ARI,1,0,0,0,0,0,0,0,0,0,0,0,0,0,0,ginkeke01
735,Mychal Givens,TOT,1,0,0,0,0,0,0,0,0,0,0,0,0,0,0,givenmy01
736,Kendall Graveman,CHW,1,0,0,0,0,0,0,0,0,0,0,0,0,0,0,graveke01
737,Justin Grimm,OAK,1,0,0,0,0,0,0,0,0,0,0,0,0,0,0,grimmju01
738,Liam Hendriks,CHW,1,0,0,0,0,0,0,0,0,0,0,0,0,0,0,hendrli01
739,Ryan Hendrix,CIN,1,0,0,0,0,0,0,0,0,0,0,0,0,0,0,hendrry01
740,Carlos Hernandez,KCR,1,0,0,0,0,0,0,0,0,0,0,0,0,0,0,hernaca04
741,Jeff Hoffman,CIN,1,0,0,0,0,0,0,0,0,0,0,0,0,0,0,hoffmje02
742,Brandon Hughes,CHC,1,0,0,0,0,0,0,0,0,0,0,0,0,0,0,hughebr01
743,Taylor Jones,HOU,1,1,0,0,0,0,0,0,0,0,0,0,0,0,0,jonesta01
744,James Kaprielian,OAK,1,0,0,0,0,0,0,0,0,0,0,0,0,0,0,kaprija01
745,Ian Kennedy,ARI,1,0,0,0,0,0,0,0,0,0,0,0,0,0,0,kenneia01
746,Craig Kimbrel,LAD,1,0,0,0,0,0,0,0,0,0,0,0,0,0,0,kimbrcr01
747,Scott Kingery,PHI,1,0,0,0,0,0,0,0,0,0,0,0,0,0,0,kingesc01
748,Joey Krehbiel,BAL,1,0,0,0,0,0,0,0,0,0,0,0,0,0,0,krehbjo01
749,Joel Kuhnel,CIN,1,0,0,0,0,0,0,0,0,0,0,0,0,0,0,kuhnejo01
750,Jimmy Lambert,CHW,1,0,0,0,0,0,0,0,0,0,0,0,0,0,0,lambeji01
751,Jack Larsen,SEA,1,1,0,0,0,0,0,0,0,0,0,1,0,0,0,larseja01
752,Matthew Liberatore,STL,1,0,0,0,0,0,0,0,0,0,0,0,0,0,0,liberma01
753,Jonathan Loaisiga,NYY,1,0,0,0,0,0,0,0,0,0,0,0,0,0,0,loaisjo01
754,Reynaldo Lopez,CHW,1,0,0,0,0,0,0,0,0,0,0,0,0,0,0,lopezre01
755,Seth Lugo,NYM,1,0,0,0,0,0,0,0,0,0,0,0,0,0,0,lugose01
756,Daniel Lynch,KCR,1,0,0,0,0,0,0,0,0,0,0,0,0,0,0,lynchda02
757,Joe Mantiply,ARI,1,0,0,0,0,0,0,0,0,0,0,0,0,0,0,mantijo01
758,Brett Martin,TEX,1,0,0,0,0,0,0,0,0,0,0,0,0,0,0,martibr01
759,Chris Martin,TOT,1,0,0,0,0,0,0,0,0,0,0,0,0,0,0,martich02
760,Keynan Middleton,ARI,1,0,0,0,0,0,0,0,0,0,0,0,0,0,0,middlke01
761,Alec Mills,CHC,1,0,0,0,0,0,0,0,0,0,0,0,0,0,0,millsal02
762,Wyatt Mills,TOT,1,0,0,0,0,0,0,0,0,0,0,0,0,0,0,millswy01
763,Nate Mondou,OAK,1,2,0,0,0,0,0,0,0,0,1,1,0,0,0,mondona01
764,Dauri Moreta,CIN,1,0,0,0,0,0,0,0,0,0,0,0,0,0,0,moretda01
765,Reyes Moronta,TOT,1,0,0,0,0,0,0,0,0,0,0,0,0,0,0,moronre01
766,Penn Murfee,SEA,1,0,0,0,0,0,0,0,0,0,0,0,0,0,0,murfepe01
767,Andrew Nardi,MIA,1,0,0,0,0,0,0,0,0,0,0,0,0,0,0,nardian01
768,Daniel Norris,TOT,1,0,0,0,0,0,0,0,0,0,0,0,0,0,0,norrida01
769,Steven Okert,MIA,1,0,0,0,0,0,0,0,0,0,0,0,0,0,0,okertst01
770,Liover Peguero,PIT,1,3,0,1,0,0,0,0,0,0,1,2,0,0,0,pegueli01
771,Joe Perez,HOU,1,1,0,0,0,0,0,0,0,0,0,1,0,0,0,perezjo02
772,Evan Phillips,LAD,1,0,0,0,0,0,0,0,0,0,1,0,0,0,0,phillev01
773,Zach Pop,TOT,1,0,0,0,0,0,0,0,0,0,0,0,0,0,0,popza01
774,David Price,LAD,1,0,0,0,0,0,0,0,0,0,0,0,0,0,0,priceda01
775,Noe Ramirez,ARI,1,0,0,0,0,0,0,0,0,0,0,0,0,0,0,ramirno01
776,Taylor Rogers,TOT,1,0,0,0,0,0,0,0,0,0,0,0,0,0,0,rogerta01
777,JoJo Romero,TOT,1,0,0,0,0,0,0,0,0,0,0,0,0,0,0,romerjo01
778,Reiver Sanmartin,CIN,1,2,0,0,0,0,0,0,0,0,0,1,0,0,0,sanmare01
779,Clarke Schmidt,NYY,1,0,0,0,0,0,0,0,0,0,0,0,0,0,0,schmicl01
780,Anderson Severino,CHW,1,0,0,0,0,0,0,0,0,0,0,0,0,0,0,severan01
781,Bryan Shaw,CLE,1,0,0,0,0,0,0,0,0,0,0,0,0,0,0,shawbr01
782,Chasen Shreve,NYM,1,0,0,0,0,0,0,0,0,0,0,0,0,0,0,shrevch01
783,Cory Spangenberg,STL,1,0,0,0,0,0,0,0,0,0,0,0,0,0,0,spangco01
784,Drew Steckenrider,SEA,1,0,0,0,0,0,0,0,0,0,0,0,0,0,0,steckdr01
785,Jackson Stephens,ATL,1,0,0,0,0,0,0,0,0,0,0,0,0,0,0,stephja01
786,Hunter Strickland,CIN,1,0,0,0,0,0,0,0,0,0,0,0,0,0,0,strichu01
787,Cole Sulser,MIA,1,0,0,0,0,0,0,0,0,0,0,0,0,0,0,sulseco01
788,Ka'ai Tom,SFG,1,1,0,0,0,0,0,0,0,0,0,0,0,0,0,tomka01
789,Chadwick Tromp,ATL,1,4,0,3,2,0,0,3,0,0,0,0,0,0,0,trompch01
790,Luke Weaver,TOT,1,0,0,0,0,0,0,0,0,0,0,0,0,0,0,weavelu01
791,J.B. Wendelken,ARI,1,0,0,0,0,0,0,0,0,0,0,0,0,0,0,wendejb01