Rk,Name,Tm,W,L,G,CG,SHO,SV,IP,H,R,ER,HR,BB,IBB,SO,HBP,Name-additional
1,Sandy Alcantara,MIA,14,9,32,6,1,0,228.2,174,67,58,16,50,1,207,9,alcansa01
2,Aaron Nola,PHI,11,13,32,2,1,0,205.0,168,75,74,19,29,1,235,9,nolaaa01
3,Miles Mikolas,STL,12,13,33,1,0,0,202.1,170,81,74,25,39,0,153,6,mikolmi01
4,Corbin Burnes,MIL,12,8,33,0,0,0,202.0,144,73,66,23,51,0,243,13,burneco01
5,Framber Valdez,HOU,17,6,31,3,1,0,201.1,166,71,63,11,67,0,194,11,valdefr01
6,Gerrit Cole,NYY,13,8,33,0,0,0,200.2,154,81,78,33,50,0,257,2,colege01
7,Merrill Kelly,ARI,13,8,33,0,0,0,200.1,167,77,75,21,61,2,177,2,kellyme01
8,Shane Bieber,CLE,13,8,31,1,0,0,200.0,172,70,64,18,36,0,198,2,biebesh01
9,Alek Manoah,TOR,16,7,31,0,0,0,196.2,144,55,49,16,51,0,180,15,manoaal01
10,Martin Perez,TEX,12,8,32,1,1,0,196.1,178,70,63,11,69,0,169,6,perezma02
11,Yu Darvish,SDP,16,8,30,0,0,0,194.2,148,67,67,22,37,0,197,12,darviyu01
12,Logan Webb,SFG,15,9,32,0,0,0,192.1,174,76,62,11,49,0,163,7,webblo01
13,Adam Wainwright,STL,11,12,32,1,0,0,191.2,192,80,79,16,54,1,143,7,wainwad01
14,Triston McKenzie,CLE,11,11,31,0,0,0,191.1,138,65,63,25,44,0,190,5,mckentr01
15,Robbie Ray,SEA,12,12,32,0,0,0,189.0,163,80,78,32,62,0,212,7,rayro02
16,Cal Quantrill,CLE,15,5,32,0,0,0,186.1,178,78,70,21,47,0,128,10,quantca01
17,Logan Gilbert,SEA,13,6,32,0,0,0,185.2,170,71,66,19,49,2,174,6,gilbelo01
18,Max Fried,ATL,14,7,30,0,0,0,185.1,156,55,51,12,32,2,170,4,friedma01
19,Dylan Cease,CHW,14,8,32,1,1,0,184.0,126,55,45,16,78,2,227,3,ceasedy01
20,Zac Gallen,ARI,12,4,31,0,0,0,184.0,121,56,52,15,47,0,192,12,galleza01
21,Marco Gonzales,SEA,10,15,32,0,0,0,183.0,194,97,84,30,50,1,103,7,gonzama02
22,Chris Bassitt,NYM,15,9,30,0,0,0,181.2,159,71,69,19,49,0,167,13,bassich01
23,German Marquez,COL,9,13,31,0,0,0,181.2,185,109,100,30,63,0,150,4,marquge01
24,Cole Irvin,OAK,9,13,30,0,0,0,181.0,174,87,80,25,36,3,128,7,irvinco01
25,Joe Musgrove,SDP,10,7,30,0,0,0,181.0,154,67,59,22,42,1,184,14,musgrjo01
26,Kyle Wright,ATL,21,5,30,0,0,0,180.1,156,67,64,19,53,0,174,9,wrighky01
27,Pablo Lopez,MIA,10,10,32,0,0,0,180.0,157,78,75,21,53,1,174,8,lopezpa01
28,LgAvg per 180 IP,,10,10,90,0,0,5,180,167,88,80,22,63,2,171,9,-9999
29,Nick Pivetta,BOS,10,12,33,1,0,0,179.2,175,91,91,27,73,0,175,5,pivetni01
30,Jordan Lyles,BAL,12,11,32,1,0,0,179.0,196,94,88,26,52,0,144,8,lylesjo01
31,Tyler Anderson,LAD,15,5,30,0,0,0,178.2,145,57,51,14,34,0,138,9,anderty01
32,Jordan Montgomery,TOT,9,6,32,1,1,0,178.1,159,72,69,21,36,0,158,8,montgjo01
33,Carlos Rodon,SFG,14,8,31,1,0,0,178.0,131,59,57,12,52,0,237,3,rodonca01
34,Jameson Taillon,NYY,14,5,32,0,0,0,177.1,168,78,77,26,32,0,151,5,taillja01
35,Julio Urias,LAD,17,7,31,0,0,0,175.0,127,51,42,23,41,0,166,5,uriasju01
36,Justin Verlander,HOU,18,4,28,0,0,0,175.0,116,43,34,12,29,0,185,6,verlaju01
37,Kyle Freeland,COL,9,11,31,0,0,0,174.2,193,96,88,19,53,0,131,16,freelky01
38,Kevin Gausman,TOR,12,10,31,0,0,0,174.2,188,72,65,15,28,0,205,1,gausmke01
39,Jose Berrios,TOR,12,7,32,0,0,0,172.0,199,103,100,29,45,0,149,11,berrijo01
40,Charlie Morton,ATL,9,6,31,0,0,0,172.0,149,85,83,28,63,0,205,18,mortoch02
41,Kyle Gibson,PHI,10,8,31,0,0,0,167.2,176,98,94,24,48,0,144,9,gibsoky01
42,Shane McClanahan,TBR,12,8,28,0,0,0,166.1,116,52,47,19,38,1,194,3,mcclash01
43,Shohei Ohtani,LAA,15,9,28,0,0,0,166.0,124,45,43,14,44,0,219,2,ohtansh01
44,Jose Quintana,TOT,6,7,32,0,0,0,165.2,154,61,54,8,47,1,137,3,quintjo01
45,Jose Urquidy,HOU,13,8,29,0,0,0,164.1,154,74,72,29,38,0,134,7,urquijo01
46,Corey Kluber,TBR,10,10,31,0,0,0,164.0,178,82,79,20,21,0,139,10,klubeco01
47,Lucas Giolito,CHW,11,9,30,0,0,0,161.2,171,92,88,24,61,1,177,4,giolilu01
48,Mitch Keller,PIT,5,12,31,0,0,0,159.0,162,77,69,14,60,1,138,12,kellemi03
49,Madison Bumgarner,ARI,7,15,30,0,0,0,158.2,179,97,86,25,49,0,112,9,bumgama01
50,Eric Lauer,MIL,11,7,29,0,0,0,158.2,135,71,65,27,59,0,157,2,lauerer01
51,Nestor Cortes,NYY,12,4,28,1,1,0,158.1,108,44,43,16,38,0,163,2,cortene01
52,Johnny Cueto,CHW,8,10,25,1,0,0,158.1,161,66,59,15,33,2,102,6,cuetojo01
53,Sean Manaea,SDP,8,9,30,0,0,0,158.0,155,95,87,29,50,1,156,3,manaese01
54,Luis Garcia,HOU,15,8,28,0,0,0,157.1,131,70,65,23,47,0,157,1,garcilu05
55,Taijuan Walker,NYM,12,5,29,0,0,0,157.1,143,63,61,15,45,1,132,6,walketa01
56,Ranger Suarez,PHI,10,7,29,0,0,0,155.1,149,74,63,15,58,0,129,2,suarera01
57,Dane Dunning,TEX,4,8,29,0,0,0,153.1,158,80,76,20,62,0,137,11,dunnida01
58,Brady Singer,KCR,10,5,27,0,0,0,153.1,140,58,55,18,35,0,150,11,singebr01
59,Brandon Woodruff,MIL,13,4,27,0,0,0,153.1,122,56,52,18,42,0,190,5,woodrbr01
60,Zack Wheeler,PHI,12,7,26,0,0,0,153.0,125,52,48,13,34,1,163,7,wheelza01
61,Patrick Corbin,WSN,6,19,31,1,0,0,152.2,210,119,107,27,49,1,128,7,corbipa01
62,Carlos Carrasco,NYM,15,7,29,0,0,0,152.0,161,71,67,17,41,2,152,8,carraca01
63,Luis Castillo,TOT,8,6,25,0,0,0,150.1,118,56,50,13,45,0,167,8,castilu02
64,Alex Cobb,SFG,7,8,28,0,0,0,149.2,152,72,62,9,43,0,151,3,cobbal01
65,Josiah Gray,WSN,7,10,28,0,0,0,148.2,136,84,83,38,66,1,154,8,grayjo03
66,Cristian Javier,HOU,11,9,30,0,0,0,148.2,89,44,42,17,52,0,194,6,javiecr01
67,Patrick Sandoval,LAA,6,9,27,1,1,0,148.2,139,56,48,8,60,0,151,5,sandopa02
68,Joe Ryan,MIN,13,8,27,0,0,0,147.0,115,60,58,20,47,0,151,10,ryanjo04
69,Drew Rasmussen,TBR,11,7,28,0,0,0,146.0,121,51,46,13,31,0,125,3,rasmudr01
70,Max Scherzer,NYM,11,5,23,0,0,0,145.1,108,39,37,13,24,0,173,11,scherma01
71,Frankie Montas,TOT,5,12,27,0,0,0,144.1,137,72,65,18,43,3,142,6,montafr02
72,JT Brubaker,PIT,3,12,28,0,0,0,144.0,157,85,75,17,54,0,147,9,brubajt01
73,Dylan Bundy,MIN,8,8,29,0,0,0,140.0,151,79,76,24,28,0,94,3,bundydy01
74,Dakota Hudson,STL,8,7,27,0,0,0,139.2,141,71,69,9,61,0,78,9,hudsoda02
75,Brad Keller,KCR,6,14,35,0,0,1,139.2,153,86,79,17,57,1,102,2,kellebr01
76,Marcus Stroman,CHC,6,7,25,0,0,0,138.2,123,61,54,16,36,0,119,4,stromma01
77,Chris Flexen,SEA,8,9,33,0,0,2,137.2,132,61,57,17,51,3,95,2,flexech01
78,Zack Greinke,KCR,4,9,26,0,0,0,137.0,157,65,56,14,27,0,73,3,greinza01
79,Chad Kuhl,COL,6,11,27,1,1,0,137.0,155,91,87,25,58,1,110,5,kuhlch01
80,Glenn Otto,TEX,7,10,27,0,0,0,135.2,119,74,70,21,62,0,107,13,ottogl01
81,Jeffrey Springs,TBR,9,5,33,0,0,0,135.1,114,42,37,14,31,0,144,1,sprinje01
82,Noah Syndergaard,TOT,10,10,25,1,0,0,134.2,138,62,59,14,31,0,95,4,syndeno01
83,Zach Davies,ARI,2,5,27,0,0,0,134.1,122,66,61,21,52,0,102,2,davieza02
84,Ross Stripling,TOR,10,4,32,0,0,1,134.1,117,49,45,12,20,0,111,2,stripro01
85,James Kaprielian,OAK,5,9,26,0,0,0,134.0,121,68,63,16,59,0,98,5,kaprija01
86,Daniel Lynch,KCR,4,13,27,0,0,0,131.2,155,79,75,21,52,2,122,5,lynchda02
87,Zach Plesac,CLE,3,12,25,0,0,0,131.2,136,74,63,19,38,0,100,5,plesaza01
88,Spencer Strider,ATL,11,5,31,0,0,0,131.2,86,42,39,7,45,1,202,3,stridsp01
89,Alex Wood,SFG,8,12,26,0,0,0,130.2,132,78,74,17,30,1,131,12,woodal02
90,Tony Gonsolin,LAD,16,1,24,0,0,0,130.1,79,32,31,11,35,1,119,4,gonsoto01
91,George Kirby,SEA,8,5,25,0,0,0,130.0,135,54,49,13,22,0,133,5,kirbyge01
92,Kris Bubic,KCR,3,13,28,0,0,0,129.0,156,87,80,18,63,0,110,4,bubickr01
93,Reid Detmers,LAA,7,6,25,1,1,0,129.0,110,56,54,13,46,1,122,8,detmere01
94,Blake Snell,SDP,8,10,24,0,0,0,128.0,103,51,48,11,51,0,171,2,snellbl01
95,Jon Gray,TEX,7,7,24,0,0,0,127.1,105,61,56,17,39,0,134,6,grayjo02
96,Michael Wacha,BOS,11,2,23,1,1,0,127.1,111,49,47,18,31,0,104,4,wachami01
97,Erick Fedde,WSN,6,13,27,0,0,0,127.0,149,84,82,21,58,0,94,0,feddeer01
98,Clayton Kershaw,LAD,12,3,22,0,0,0,126.1,96,36,32,10,23,0,137,2,kershcl01
99,Hunter Greene,CIN,5,13,24,1,1,0,125.2,104,64,62,24,48,0,164,10,greenhu01
100,Dean Kremer,BAL,8,7,22,1,1,0,125.1,123,48,45,11,34,0,87,5,kremede01
101,Austin Gomber,COL,5,7,33,0,0,0,124.2,137,80,77,20,34,1,95,2,gombeau01
102,Rich Hill,BOS,8,7,26,0,0,0,124.1,125,67,59,15,37,0,109,4,hillri01
103,Lance Lynn,CHW,8,7,21,0,0,0,121.2,119,65,54,19,19,0,124,10,lynnla01
104,Zach Thompson,PIT,3,10,29,0,0,0,121.2,138,76,70,19,46,0,90,3,thompza01
105,Tyler Mahle,TOT,6,8,23,0,0,0,120.2,104,61,59,16,43,0,126,2,mahlety01
106,Sonny Gray,MIN,8,5,24,0,0,0,119.2,99,44,41,11,36,0,117,6,grayso01
107,Michael Kopech,CHW,5,9,25,0,0,0,119.1,85,53,47,15,57,0,105,3,kopecmi01
108,Justin Steele,CHC,4,7,24,0,0,0,119.0,111,53,42,8,50,0,126,3,steelju01
109,Kyle Bradish,BAL,4,7,23,0,0,0,117.2,119,68,64,17,46,0,111,7,bradiky01
110,Tarik Skubal,DET,7,8,21,0,0,0,117.2,104,53,46,9,32,0,117,1,skubata01
111,Bryse Wilson,PIT,3,9,25,0,0,0,115.2,132,80,71,20,32,1,79,9,wilsobr02
112,Keegan Thompson,CHC,10,5,29,0,0,1,115.0,103,54,48,16,43,0,108,9,thompke02
113,Mike Clevinger,SDP,7,7,23,0,0,0,114.1,102,56,55,20,35,0,91,10,clevimi01
114,Paolo Espino,WSN,0,9,42,1,0,0,113.1,131,64,61,24,24,0,92,2,espinpa01
115,Jakob Junis,SFG,5,7,23,0,0,0,112.0,120,57,55,13,25,0,98,4,junisja01
116,Ian Anderson,ATL,10,6,22,0,0,0,111.2,115,63,62,12,54,0,97,1,anderia01
117,Paul Blackburn,OAK,7,6,21,0,0,0,111.1,110,53,53,15,30,2,89,5,blackpa01
118,Nathan Eovaldi,BOS,6,3,20,2,1,0,109.1,115,55,47,21,20,0,103,1,eovalna01
119,Jose Suarez,LAA,8,8,22,0,0,0,109.0,103,49,48,14,33,2,103,4,suarejo01
120,Andre Pallante,STL,6,5,47,0,0,0,108.0,113,39,38,9,40,2,73,1,pallaan01
121,Aaron Ashby,MIL,2,10,27,0,0,1,107.1,106,62,53,15,47,0,126,6,ashbyaa01
122,Trevor Rogers,MIA,4,11,23,0,0,0,107.0,116,69,65,15,45,0,106,5,rogertr01
123,Nick Martinez,SDP,4,4,47,0,0,8,106.1,96,44,41,15,41,0,95,4,martini01
124,Jake Odorizzi,TOT,6,6,22,0,0,0,106.1,106,58,52,14,35,1,86,3,odorija01
125,Drew Smyly,CHC,7,8,22,0,0,0,106.1,101,46,41,16,26,0,91,5,smylydr01
126,David Peterson,NYM,7,5,28,0,0,0,105.2,93,50,45,11,48,1,126,7,peterda01
127,Drew Hutchison,DET,3,9,28,0,0,0,105.1,114,58,53,15,42,1,68,2,hutchdr01
128,Spenser Watkins,BAL,5,6,23,0,0,0,105.1,119,59,55,11,30,0,63,4,watkisp01
129,Graham Ashcraft,CIN,5,6,19,0,0,0,105.0,119,61,57,11,30,1,71,8,ashcrgr01
130,Adrian Sampson,CHC,4,5,21,0,0,0,104.1,101,40,36,10,27,0,73,2,sampsad01
131,Jonathan Heasley,KCR,4,10,21,0,0,0,104.0,108,67,61,19,47,0,70,6,heasljo01
132,Tyler Wells,BAL,7,7,23,0,0,0,103.2,90,49,49,16,28,0,76,2,wellsty01
133,Nick Lodolo,CIN,4,7,19,0,0,0,103.1,90,44,42,13,39,0,131,19,lodolni01
134,Chris Archer,MIN,2,8,25,0,0,0,102.2,87,56,52,12,48,0,84,3,archech01
135,Adrian Houser,MIL,6,10,22,0,0,0,102.2,103,66,54,8,47,1,69,2,housead01
136,Luis Severino,NYY,7,3,19,0,0,0,102.0,72,37,36,14,30,0,112,4,severlu01
137,Austin Voth,TOT,5,4,41,0,0,0,101.2,111,52,49,14,31,0,90,3,vothau01
138,Tyler Alexander,DET,4,11,27,0,0,0,101.0,108,58,54,18,25,1,61,1,alexaty01
139,Yusei Kikuchi,TOR,6,7,32,0,0,1,100.2,93,67,58,23,58,0,124,9,kikucyu01
140,Jesus Luzardo,MIA,4,7,18,0,0,0,100.1,69,40,37,10,35,0,120,2,luzarje01
141,Taylor Hearn,TEX,6,8,31,0,0,1,100.0,107,60,57,11,43,0,97,3,hearnta01
142,Mitch White,TOT,1,7,25,0,0,0,99.0,110,62,60,9,35,0,78,3,whitemi03
143,Mike Minor,CIN,4,12,19,0,0,0,98.0,120,72,66,24,40,4,76,7,minormi01
144,Michael Lorenzen,LAA,8,6,18,0,0,0,97.2,81,48,46,11,44,0,85,4,lorenmi01
145,Ryan Feltner,COL,4,9,20,0,0,0,97.1,102,65,63,16,35,0,84,5,feltnry01
146,Aaron Civale,CLE,5,6,20,0,0,0,97.0,93,58,53,14,22,1,98,7,civalaa01
147,Jose Urena,TOT,3,8,21,0,0,0,97.0,109,62,54,11,43,0,63,1,urenajo01
148,Roansy Contreras,PIT,5,5,21,0,0,0,95.0,82,45,40,13,39,1,86,2,contrro01
149,Antonio Senzatela,COL,3,7,19,0,0,0,92.1,133,56,52,9,23,0,54,3,senzaan01
150,Eduardo Rodriguez,DET,5,5,17,0,0,0,91.0,87,49,41,12,34,0,72,2,rodried05
151,Trevor Williams,NYM,3,5,30,0,0,1,89.2,87,34,32,12,23,1,84,4,willitr01
152,Braxton Garrett,MIA,3,7,17,0,0,0,88.0,86,38,35,9,24,1,90,10,garrebr01
153,Erasmo Ramirez,WSN,4,2,60,0,0,0,86.1,79,31,28,11,14,1,61,6,ramirer02
154,Kyle Hendricks,CHC,4,6,16,0,0,0,84.1,85,45,45,15,24,0,66,3,hendrky01
155,Bailey Falter,PHI,6,4,20,0,0,0,84.0,85,39,36,16,17,0,74,6,falteba01
156,Brock Burke,TEX,7,5,52,0,0,0,82.1,63,25,18,9,24,1,90,2,burkebr01
157,Keegan Akin,BAL,3,3,45,0,0,2,81.2,69,35,29,10,20,0,77,1,akinke01
158,Beau Brieske,DET,3,6,15,0,0,0,81.2,73,39,38,14,25,0,54,1,briesbe01
159,Luis Cessa,CIN,4,4,46,0,0,0,80.2,76,44,41,14,28,0,59,2,cessalu01
160,Ryan Yarbrough,TBR,3,8,20,0,0,0,80.0,88,44,40,12,22,0,61,11,yarbrry01
161,Jaime Barria,LAA,3,3,35,0,0,0,79.1,63,29,23,11,19,0,54,3,barrija01
162,Garrett Whitlock,BOS,4,2,31,0,0,6,78.1,65,32,30,10,15,0,82,1,whitlga01
163,Freddy Peralta,MIL,4,4,18,0,0,0,78.0,54,31,31,6,27,0,86,3,peralfr01
164,Kutter Crawford,BOS,3,6,21,0,0,0,77.1,81,49,47,12,29,1,77,2,crawfku01
165,Wil Crowe,PIT,6,10,60,0,0,4,76.0,68,40,37,8,38,0,68,3,crowewi01
166,Zach Eflin,PHI,3,5,20,0,0,1,75.2,70,38,34,8,15,1,65,5,eflinza01
167,Tyler Rogers,SFG,3,4,68,0,0,0,75.2,73,34,30,3,23,0,49,5,rogerty01
168,Vince Velasquez,CHW,3,3,27,0,0,0,75.1,68,42,40,11,25,0,69,2,velasvi01
169,Scott Barlow,KCR,7,4,69,0,0,24,74.1,52,23,18,9,22,1,77,3,barlosc01
170,Adam Oller,OAK,2,8,19,0,0,0,74.1,82,55,52,17,39,0,46,2,ollerad01
171,Matt Moore,TEX,5,2,63,0,0,5,74.0,49,20,16,3,38,2,83,1,moorema02
172,Dillon Tate,BAL,4,4,67,0,0,5,73.2,57,29,25,6,16,2,60,7,tatedi01
173,Bruce Zimmermann,BAL,2,5,15,0,0,0,73.2,97,52,49,21,12,0,49,2,zimmebr02
174,Emmanuel Clase,CLE,3,4,77,0,0,42,72.2,43,18,11,3,10,2,77,1,claseem01
175,Andrew Heaney,LAD,4,4,16,0,0,0,72.2,60,34,25,14,19,0,110,9,heanean01
176,Domingo German,NYY,2,5,15,0,0,0,72.1,65,31,29,11,19,0,58,4,germado01
177,Griffin Jax,MIN,7,4,65,0,0,1,72.1,56,29,27,7,20,3,78,3,jaxgr01
178,Jason Alexander,MIL,2,3,18,0,0,0,71.2,88,47,43,12,28,0,46,4,alexaja01
179,Edward Cabrera,MIA,6,4,14,0,0,0,71.2,44,24,24,10,33,0,75,9,cabreed02
180,Chase De Jong,PIT,6,3,42,0,0,1,71.2,52,24,21,10,30,1,59,5,dejonch01
181,Jorge Lopez,TOT,4,7,67,0,0,23,71.0,53,26,20,4,31,5,72,7,lopezjo02
182,Adam Cimber,TOR,10,6,77,0,0,4,70.2,66,28,22,6,13,1,58,8,cimbead01
183,Anthony Bass,TOT,4,3,73,0,0,0,70.1,51,15,12,6,20,1,73,0,bassan01
184,Devin Smeltzer,MIN,5,2,15,0,0,0,70.1,67,30,29,13,19,0,40,1,smeltde01
185,Josh Winckowski,BOS,5,7,15,0,0,0,70.1,85,47,46,10,27,1,44,2,winckjo01
186,MacKenzie Gore,SDP,4,4,16,0,0,0,70.0,66,35,35,7,37,0,72,4,gorema01
187,A.J. Minter,ATL,5,4,75,0,0,5,70.0,49,21,16,5,15,0,94,3,minteaj01
188,JP Sears,TOT,6,3,17,0,0,0,70.0,67,31,30,8,23,1,51,2,searsjp01
189,Caleb Smith,ARI,1,3,44,0,0,0,70.0,57,35,32,14,39,1,65,1,smithca03
190,Bryan Baker,BAL,4,3,66,0,0,1,69.2,60,29,27,3,26,1,76,3,bakerbr01
191,Jesse Chavez,TOT,4,3,60,0,0,0,69.1,71,34,29,8,20,0,74,1,chaveje01
192,Collin McHugh,ATL,3,2,58,0,0,0,69.1,51,20,20,5,14,1,75,5,mchugco01
193,Penn Murfee,SEA,4,0,64,0,0,0,69.1,48,23,23,7,18,1,76,2,murfepe01
194,Anibal Sanchez,WSN,4,6,14,0,0,0,69.1,55,34,33,13,33,2,48,4,sanchan01
195,Jimmy Herget,LAA,2,1,49,0,0,9,69.0,48,20,19,4,15,3,63,3,hergeji01
196,Nick Nelson,PHI,3,2,47,0,0,1,68.2,66,38,37,1,36,0,69,4,nelsoni01
197,Rafael Montero,HOU,5,2,71,0,0,14,68.1,47,22,18,3,23,2,73,2,montera01
198,John Brebbia,SFG,6,2,76,0,0,0,68.0,71,27,24,5,18,2,54,1,brebbjo01
199,Dylan Coleman,KCR,5,2,68,0,0,0,68.0,47,26,21,5,37,1,71,6,colemdy01
200,Domingo Acevedo,OAK,4,4,70,0,0,4,67.2,50,26,25,9,17,4,58,3,acevedo01
201,Camilo Doval,SFG,6,6,68,0,0,27,67.2,54,27,19,4,30,2,80,3,dovalca01
202,Jhoan Duran,MIN,2,4,57,0,0,8,67.2,50,15,14,6,16,3,89,4,duranjh01
203,Mark Leiter Jr.,CHC,2,7,35,0,0,3,67.2,52,32,30,10,25,2,73,7,leitema02
204,Nabil Crismatt,SDP,5,2,50,0,0,0,67.1,57,29,22,5,22,1,65,2,crismna01
205,Josh Winder,MIN,4,6,15,0,0,0,67.0,69,37,35,11,18,0,47,5,windejo01
206,Kyle Finnegan,WSN,6,4,66,0,0,11,66.2,54,28,26,9,22,2,70,0,finneky01
207,Eli Morgan,CLE,5,3,50,0,0,0,66.2,46,29,25,10,13,0,72,2,morgael01
208,Brent Suter,MIL,5,3,54,0,0,0,66.2,58,32,28,9,22,0,53,3,suterbr01
209,Steve Cishek,WSN,1,4,69,0,0,1,66.1,54,33,31,11,27,1,74,13,cishest01
210,A.J. Puk,OAK,4,3,62,0,0,4,66.1,53,27,23,7,23,3,76,10,pukaj01
211,Félix Bautista,BAL,4,4,65,0,0,15,65.2,38,18,16,7,23,1,88,1,bautife01
212,Phil Maton,HOU,0,2,67,0,0,0,65.2,58,34,28,10,24,2,73,8,matonph01
213,Adam Ottavino,NYM,6,3,66,0,0,3,65.2,48,15,15,6,16,2,79,5,ottavad01
214,Reynaldo Lopez,CHW,6,4,61,0,0,0,65.1,51,24,20,1,11,1,63,1,lopezre01
215,Hector Neris,HOU,6,4,70,0,0,3,65.1,49,29,27,3,17,0,79,6,nerishe01
216,Walker Buehler,LAD,6,3,12,1,1,0,65.0,67,30,29,8,17,0,58,2,buehlwa01
217,Jarlin Garcia,SFG,1,4,58,0,0,1,65.0,60,34,27,10,18,1,56,1,garcija04
218,Kendall Graveman,CHW,3,4,65,0,0,6,65.0,65,29,23,5,26,2,66,3,graveke01
219,Seth Lugo,NYM,3,2,62,0,0,3,65.0,58,26,26,9,18,1,69,3,lugose01
220,Andres Munoz,SEA,2,5,64,0,0,4,65.0,43,20,18,5,15,3,96,4,munozan01
221,John Schreiber,BOS,4,4,64,0,0,8,65.0,45,19,16,3,19,0,74,4,schrejo01
222,Joan Adon,WSN,1,12,14,0,0,0,64.2,76,53,51,8,39,1,55,6,adonjo01
223,Ryan Helsley,STL,9,1,54,0,0,19,64.2,28,11,9,6,20,1,94,0,helslry01
224,Hoby Milner,MIL,3,3,67,0,0,0,64.2,61,29,27,5,15,0,64,7,milneho01
225,Jacob deGrom,NYM,5,4,11,0,0,0,64.1,40,22,22,9,8,0,102,0,degroja01
226,Taylor Rogers,TOT,4,8,66,0,0,31,64.1,57,38,34,7,19,2,84,11,rogerta01
227,Brad Boxberger,MIL,4,3,70,0,0,1,64.0,52,23,21,6,27,1,68,2,boxbebr01
228,Kenley Jansen,ATL,5,2,65,0,0,41,64.0,45,25,24,8,22,3,85,2,janseke01
229,Trevor Richards,TOR,3,2,62,0,0,0,64.0,57,41,38,9,35,1,82,1,richatr01
230,Jordan Romano,TOR,5,4,63,0,0,36,64.0,44,18,15,4,21,4,73,4,romanjo03
231,Paul Sewald,SEA,5,4,65,0,0,20,64.0,32,21,19,10,17,4,72,4,sewalpa01
232,Rowan Wick,CHC,4,7,64,0,0,9,64.0,79,37,30,9,29,2,69,1,wickro01
233,Alexis Diaz,CIN,7,3,59,0,0,10,63.2,28,18,13,5,33,3,83,5,diazal03
234,Michael Fulmer,TOT,5,6,67,0,0,3,63.2,59,27,24,4,28,6,61,5,fulmemi01
235,Clay Holmes,NYY,7,4,62,0,0,20,63.2,45,21,18,2,20,2,65,9,holmecl01
236,David Phelps,TOR,0,2,65,0,0,1,63.2,52,22,20,2,31,0,64,4,phelpda01
237,David Robertson,TOT,4,3,58,0,0,20,63.2,39,18,17,6,35,1,81,3,roberda08
238,Trevor Stephan,CLE,6,5,66,0,0,3,63.2,57,24,19,3,18,2,82,4,stephtr01
239,Jason Adam,TBR,2,3,67,0,0,8,63.1,31,12,11,5,17,2,75,6,adamja01
240,Alex Lange,DET,7,4,71,0,0,0,63.1,47,30,24,5,31,1,82,5,langeal01
241,Davis Martin,CHW,3,6,14,0,0,0,63.1,63,36,34,8,19,1,48,3,martida03
242,Chris Stratton,TOT,10,4,60,0,0,2,63.1,72,34,30,4,25,2,60,2,stratch01
243,Matt Manning,DET,2,3,12,0,0,0,63.0,55,27,24,6,19,0,48,1,mannima02
244,Emilio Pagan,MIN,4,6,59,0,0,9,63.0,60,36,31,12,26,2,84,1,paganem01
245,Evan Phillips,LAD,7,3,64,0,0,2,63.0,33,11,8,2,15,1,77,3,phillev01
246,Will Vest,DET,3,3,59,0,0,1,63.0,62,30,28,6,22,0,63,3,vestwi01
247,Tanner Scott,MIA,4,5,67,0,0,20,62.2,55,34,30,5,46,1,90,4,scottta01
248,Ryan Brasier,BOS,0,3,68,0,0,1,62.1,68,43,40,9,13,1,64,1,brasiry01
249,Elieser Hernandez,MIA,3,6,20,0,0,0,62.1,67,48,44,19,22,1,60,4,hernael01
250,Hunter Strickland,CIN,3,3,66,0,0,7,62.1,61,37,34,8,33,1,60,7,strichu01
251,Edwin Díaz,NYM,3,1,61,0,0,32,62.0,34,9,9,3,18,1,118,2,diazed04
252,Carl Edwards Jr.,WSN,6,3,57,0,0,2,62.0,51,22,19,8,25,0,56,1,edwarca01
253,Sam Hentges,CLE,3,2,57,0,0,1,62.0,41,17,16,3,19,1,72,3,hentgsa01
254,Raisel Iglesias,TOT,2,6,67,0,0,17,62.0,46,20,17,5,14,1,78,3,iglesra01
255,Shawn Armstrong,TOT,2,3,50,0,0,2,61.2,66,32,30,7,17,2,66,4,armstsh01
256,Tyler Beede,TOT,2,5,31,0,0,0,61.1,71,37,35,7,29,2,39,5,beedety01
257,Mychal Givens,TOT,7,3,59,0,0,2,61.1,56,27,23,8,25,4,71,5,givenmy01
258,Jordan Hicks,STL,3,6,35,0,0,0,61.1,46,33,33,5,35,0,63,7,hicksjo03
259,Jalen Beeks,TBR,2,3,42,0,0,2,61.0,49,22,19,7,22,0,70,2,beeksja02
260,Phil Bickford,LAD,2,1,60,0,0,0,61.0,53,33,32,12,14,0,67,2,bickfph01
261,Luis Garcia,SDP,4,6,64,0,0,3,61.0,57,28,23,3,17,0,68,5,garcilu03
262,Yimi Garcia,TOR,4,5,61,0,0,1,61.0,48,26,21,6,16,3,58,4,garciyi01
263,Dallas Keuchel,TOT,2,9,14,0,0,0,60.2,94,69,62,11,31,2,45,0,keuchda01
264,Jose Ruiz,CHW,1,0,63,0,0,0,60.2,53,32,31,9,33,0,68,0,ruizjo01
265,Devin Williams,MIL,6,4,65,0,0,15,60.2,31,17,13,2,30,1,96,3,willide03
266,Bryan Abreu,HOU,4,0,55,0,0,2,60.1,45,16,13,2,26,0,88,4,abreubr01
267,Daniel Bard,COL,6,4,57,0,0,34,60.1,35,15,12,3,25,1,69,3,bardda01
268,Jason Foley,DET,1,0,60,0,0,0,60.1,72,27,26,2,11,0,43,2,foleyja01
269,Garrett Hill,DET,3,3,17,0,0,0,60.1,53,29,27,8,29,0,40,4,hillga02
270,Gregory Soto,DET,2,11,64,0,0,30,60.1,49,32,22,2,34,1,60,7,sotogr01
271,Tanner Houck,BOS,5,4,32,0,0,8,60.0,49,22,21,3,22,3,56,6,houckta01
272,Craig Kimbrel,LAD,6,7,63,0,0,22,60.0,51,31,25,4,28,2,72,5,kimbrcr01
273,Joe Mantiply,ARI,2,5,69,0,0,2,60.0,59,22,19,6,6,0,61,3,mantijo01
274,Aaron Sanchez,TOT,3,4,15,0,0,0,60.0,78,46,44,8,15,1,41,5,sanchaa01
275,Matt Bush,TOT,2,3,65,0,0,3,59.2,43,31,23,11,18,2,74,3,bushma01
276,Andres Machado,WSN,2,0,51,0,0,0,59.1,55,32,22,7,26,0,46,2,machaan02
277,Caleb Thielbar,MIN,4,3,67,0,0,1,59.1,51,26,23,5,18,1,80,0,thielca01
278,Giovanny Gallegos,STL,3,6,57,0,0,14,59.0,42,23,20,6,18,1,73,0,gallegi01
279,Will Smith,TOT,0,3,65,0,0,5,59.0,58,35,26,9,25,3,65,2,smithwi04
280,Aaron Loup,LAA,0,5,65,0,0,1,58.2,54,38,25,4,22,3,52,8,loupaa01
281,Daniel Norris,TOT,2,4,41,0,0,0,58.2,45,39,34,11,29,0,66,7,norrida01
282,Colin Poche,TBR,4,2,65,0,0,7,58.2,46,30,26,11,22,0,64,1,pocheco01
283,Dennis Santana,TEX,3,8,63,0,0,1,58.2,50,39,34,2,28,1,54,4,santade01
284,Bryan Shaw,CLE,6,2,60,0,0,1,58.1,58,38,35,9,26,1,52,4,shawbr01
285,Joel Kuhnel,CIN,2,3,53,0,0,1,58.0,67,41,41,8,14,1,56,5,kuhnejo01
286,Konnor Pilkington,CLE,1,2,15,0,0,0,58.0,53,30,25,6,32,0,50,2,pilkiko01
287,Robert Stephenson,TOT,2,2,58,0,0,0,58.0,63,39,35,10,14,1,55,1,stephro01
288,Jake Diekman,TOT,5,4,70,0,0,1,57.2,52,40,32,9,42,2,79,8,diekmja01
289,Liam Hendriks,CHW,4,4,58,0,0,37,57.2,44,22,18,7,16,1,85,2,hendrli01
290,Brandon Hughes,CHC,2,3,57,0,0,8,57.2,42,22,20,11,21,3,68,6,hughebr01
291,Joey Krehbiel,BAL,5,5,56,0,0,1,57.2,53,28,25,9,18,1,45,3,krehbjo01
292,Adrian Martinez,OAK,4,6,12,0,0,0,57.2,69,42,40,13,19,1,53,3,martiad01
293,Cionel Pérez,BAL,7,1,66,0,0,1,57.2,46,11,9,2,21,1,55,1,perezci01
294,Clarke Schmidt,NYY,5,5,29,0,0,2,57.2,46,23,20,5,23,3,56,2,schmicl01
295,Brayan Bello,BOS,2,8,13,1,0,0,57.1,75,34,30,1,27,1,55,2,bellobr01
296,Andrew Chafin,DET,2,3,64,0,0,3,57.1,48,26,18,5,19,0,67,3,chafian01
297,Lucas Luetge,NYY,4,4,50,0,0,2,57.1,63,19,17,4,17,1,60,4,luetglu01
298,Ryan Tepera,LAA,5,4,59,0,0,6,57.1,42,27,23,7,20,3,47,2,teperry01
299,Duane Underwood Jr.,PIT,1,6,51,0,0,1,57.1,58,35,28,1,25,1,57,5,underdu01
300,Carlos Estevez,COL,4,4,62,0,0,2,57.0,44,27,22,7,23,1,54,1,estevca01
301,Zach Logue,OAK,3,8,14,0,0,0,57.0,68,44,43,13,20,0,42,2,logueza01
302,Reiver Sanmartin,CIN,4,4,45,0,0,0,57.0,66,43,40,8,29,2,47,0,sanmare01
303,Scott Effross,TOT,1,4,60,0,0,4,56.2,45,23,16,3,15,3,62,1,effrosc01
304,Joe Jimenez,DET,3,2,62,0,0,2,56.2,49,24,22,4,13,0,77,0,jimenjo02
305,Wandy Peralta,NYY,3,4,56,0,0,4,56.1,42,19,17,2,17,1,47,1,peralwa01
306,Austin Davis,TOT,2,1,52,0,0,0,56.0,57,39,36,5,33,1,64,5,davisau01
307,Carlos Hernandez,KCR,0,5,27,0,0,0,56.0,72,48,46,7,31,1,35,1,hernaca04
308,Chris Martin,TOT,4,1,60,0,0,2,56.0,50,20,19,6,5,1,74,1,martich02
309,Mark Melancon,ARI,3,10,62,0,0,18,56.0,63,37,29,5,21,2,35,1,melanma01
310,Bailey Ober,MIN,2,3,11,0,0,0,56.0,48,22,20,4,11,0,51,2,oberba01
311,Johan Oviedo,TOT,4,3,21,0,0,0,56.0,49,21,20,5,23,0,54,3,oviedjo01
312,Joel Payamps,TOT,3,6,41,0,0,0,55.2,60,24,20,7,16,2,41,2,payamjo01
313,Austin Pruitt,OAK,0,1,39,0,0,1,55.1,48,29,26,11,9,0,38,1,pruitau01
314,Michael Rucker,CHC,3,1,41,0,0,0,54.2,50,25,24,8,20,0,50,0,ruckemi01
315,Ryne Stanek,HOU,2,1,59,0,0,1,54.2,36,8,7,2,31,1,62,0,stanery01
316,Andrew Bellatti,PHI,4,4,59,0,0,2,54.1,47,25,20,5,25,1,78,1,bellaan01
317,Diego Castillo,SEA,7,3,59,0,0,7,54.1,40,27,22,5,22,4,53,2,castidi01
318,Alex Vesia,LAD,5,0,63,0,0,1,54.1,37,14,13,2,24,1,79,2,vesiaal01
319,Bryce Elder,ATL,2,4,10,1,1,0,54.0,44,19,19,4,23,1,47,3,elderbr01
320,Matthew Festa,SEA,2,0,53,0,0,2,54.0,43,26,25,10,18,0,64,2,festama01
321,Alex Faedo,DET,1,5,12,0,0,0,53.2,63,34,33,7,25,0,44,1,faedoal01
322,Dylan Floro,MIA,1,3,56,0,0,10,53.2,48,23,18,4,15,3,48,0,florody01
323,Brooks Raley,TBR,1,2,60,0,0,6,53.2,37,19,16,3,15,0,61,6,raleybr01
324,Jackson Stephens,ATL,3,3,39,0,0,2,53.2,49,32,22,3,23,4,47,3,stephja01
325,Erik Swanson,SEA,3,2,57,0,0,3,53.2,39,11,10,3,10,1,70,1,swanser01
326,Lou Trivino,TOT,2,8,64,0,0,11,53.2,64,31,27,6,24,2,67,4,trivilo01
327,Enyel De Los Santos,CLE,5,0,50,0,0,1,53.1,40,18,18,3,17,1,61,2,delosen01
328,Tanner Banks,CHW,2,0,35,0,0,0,53.0,42,25,18,5,18,0,49,1,banksta01
329,Steven Wilson,SDP,4,2,50,0,0,1,53.0,36,20,18,7,20,0,53,3,wilsost02
330,Tucker Davidson,TOT,2,7,12,0,0,0,52.0,54,39,39,7,35,0,33,3,davidtu01
331,David Bednar,PIT,3,4,45,0,0,19,51.2,42,19,15,4,16,2,69,1,bednada01
332,John King,TEX,1,4,39,0,0,0,51.1,61,27,23,5,14,3,30,1,kingjo01
333,Steven Okert,MIA,5,5,60,0,0,0,51.1,34,19,17,7,26,2,63,7,okertst01
334,Jose Alvarado,PHI,4,2,59,0,0,2,51.0,38,21,18,2,24,4,81,1,alvarjo03
335,Seranthony Dominguez,PHI,6,5,54,0,0,9,51.0,36,18,17,4,22,1,61,1,dominse01
336,Rony Garcia,DET,3,3,16,0,0,0,51.0,40,27,25,9,13,0,48,4,garciro03
337,Michael King,NYY,6,3,34,0,0,1,51.0,35,15,13,3,16,2,66,0,kingmi01
338,Richard Bleier,MIA,2,2,55,0,0,1,50.2,63,22,20,3,10,3,32,1,bleieri01
339,Matt Brash,SEA,4,4,39,0,0,0,50.2,46,25,25,3,33,1,62,2,brashma01
340,Dylan Lee,ATL,5,1,46,0,0,0,50.2,40,16,12,5,10,1,59,0,leedy01
341,Mike Mayers,LAA,1,1,24,0,0,0,50.2,52,35,32,15,18,0,45,2,mayermi01
342,Hirokazu Sawamura,BOS,1,1,49,0,0,0,50.2,45,23,21,4,27,2,40,0,sawamhi01
343,Ian Kennedy,ARI,4,7,57,0,0,10,50.1,57,33,30,11,22,3,44,1,kenneia01
344,Joely Rodriguez,NYM,2,4,55,0,0,0,50.1,42,28,25,3,26,1,57,1,rodrijo06
345,Andrew Wantz,LAA,2,1,42,0,0,0,50.1,37,19,18,8,21,0,52,2,wantzan01
346,Josh Hader,TOT,2,5,56,0,0,36,50.0,43,30,29,8,21,0,81,4,haderjo01
347,Brett Martin,TEX,1,7,55,0,0,3,50.0,50,27,23,4,18,3,40,0,martibr01
348,Noe Ramirez,ARI,5,4,55,0,0,0,50.0,45,32,29,9,26,2,51,3,ramirno01
349,Brusdar Graterol,LAD,2,4,46,0,0,4,49.2,39,20,18,3,10,1,43,3,gratebr01
350,Dominic Leone,SFG,4,5,55,0,0,3,49.1,55,24,22,6,24,5,52,0,leonedo01
351,Taylor Clarke,KCR,3,1,47,0,0,3,49.0,50,25,22,6,8,0,48,1,clarkta01
352,Tim Mayza,TOR,8,1,63,0,0,2,48.2,42,19,17,7,12,2,44,1,mayzati01
353,Ryan Pressly,HOU,3,3,50,0,0,33,48.1,30,17,16,4,13,0,65,0,pressry01
354,Jake Woodford,STL,4,0,27,0,0,0,48.1,43,13,12,1,11,1,24,1,woodfja01
355,Cory Abbott,WSN,0,5,16,0,0,0,48.0,44,30,28,12,25,0,45,5,abbotco01
356,Tim Hill,SDP,3,0,55,0,0,0,48.0,45,20,19,1,14,1,25,4,hillti01
357,Zach Jackson,OAK,2,3,54,0,0,3,48.0,28,18,16,1,33,3,67,2,jacksza02
358,Jonathan Loaisiga,NYY,2,3,50,0,0,2,48.0,43,25,22,3,19,1,37,0,loaisjo01
359,Yunior Marte,SFG,1,1,39,0,0,0,48.0,47,32,29,5,22,0,44,6,marteyu01
360,Steven Matz,STL,5,3,15,0,0,0,48.0,50,28,28,8,10,0,54,2,matzst01
361,Jake Bird,COL,2,4,38,0,0,0,47.2,45,29,26,7,23,3,42,4,birdja01
362,Jose Leclerc,TEX,0,3,39,0,0,7,47.2,33,17,15,5,21,0,54,3,leclejo01
363,Lance McCullers Jr.,HOU,4,2,8,0,0,0,47.2,37,12,12,4,22,0,50,0,mcculla02
364,Robert Suarez,SDP,5,1,45,0,0,1,47.2,29,13,12,4,21,0,61,4,suarero01
365,Jhoulys Chacin,COL,4,2,35,0,0,0,47.1,55,44,40,7,21,0,37,2,chacijh01
366,Tylor Megill,NYM,4,2,15,0,0,0,47.1,46,27,27,7,13,0,51,1,megilty01
367,Alex Colome,COL,2,7,53,0,0,4,47.0,57,36,30,5,22,2,32,0,colomal01
368,Buck Farmer,CIN,2,2,44,0,0,2,47.0,36,21,20,2,25,0,54,1,farmebu01
369,Tommy Henry,ARI,3,4,9,0,0,0,47.0,47,28,28,10,21,1,36,3,henryto01
370,Jimmy Lambert,CHW,1,2,42,0,0,0,47.0,40,18,17,4,24,0,45,1,lambeji01
371,Michael Pineda,DET,2,7,11,0,0,0,46.2,58,31,30,13,8,0,26,0,pinedmi01
372,Drew Smith,NYM,3,3,44,0,0,0,46.0,38,17,17,9,15,0,53,0,smithdr01
373,Trent Thornton,TOR,0,2,32,0,0,0,46.0,40,21,21,7,17,0,37,1,thorntr01
374,Trevor Gott,MIL,3,4,45,0,0,0,45.2,35,25,21,8,12,0,44,3,gotttr01
375,Amir Garrett,KCR,3,1,60,0,0,0,45.1,28,26,25,0,32,0,49,5,garream01
376,Matt Foster,CHW,1,2,48,0,0,1,45.0,43,25,22,6,17,1,42,0,fostema01
377,Brad Hand,PHI,3,2,55,0,0,5,45.0,37,18,14,2,23,1,38,6,handbr01
378,Trevor Megill,MIN,4,3,39,0,0,0,45.0,50,29,24,4,17,0,49,1,megiltr01
379,Genesis Cabrera,STL,4,2,39,0,0,1,44.2,39,24,23,8,20,3,32,4,cabrege01
380,Jeff Hoffman,CIN,2,0,35,0,0,0,44.2,40,22,19,5,23,1,45,3,hoffmje02
381,Corey Knebel,PHI,3,5,46,0,0,12,44.2,33,22,17,4,28,3,41,2,knebeco01
382,Kirby Snead,OAK,1,1,46,0,0,1,44.2,56,31,29,5,22,3,35,2,sneadki01
383,Matt Strahm,BOS,4,4,50,0,0,4,44.2,38,24,19,5,17,1,52,5,strahma01
384,Ty Blach,COL,1,0,24,0,0,1,44.1,51,29,29,4,11,2,29,2,blachty01
385,Humberto Castellanos,ARI,3,2,11,0,0,0,44.1,50,29,28,7,12,0,32,4,castehu01
386,Jeurys Familia,TOT,2,3,48,0,0,0,44.1,58,34,30,7,22,2,41,2,familje01
387,Zack Littell,SFG,3,3,39,0,0,1,44.1,48,25,25,8,13,0,39,1,litteza01
388,Connor Brogdon,PHI,2,2,47,0,0,2,44.0,44,16,16,6,11,0,50,1,brogdco01
389,Tyler Duffey,MIN,2,4,40,0,0,2,44.0,45,24,24,8,15,1,39,1,duffety01
390,Ron Marinaccio,NYY,1,0,40,0,0,0,44.0,22,12,10,2,24,0,56,6,marinro01
391,Nick Sandlin,CLE,5,2,46,0,0,0,44.0,27,13,11,2,24,3,41,3,sandlni01
392,Matt Wisler,TBR,3,3,39,0,0,1,44.0,30,18,11,6,14,1,35,0,wislema01
393,Tyler Matzek,ATL,4,2,42,0,0,1,43.2,26,21,17,3,29,2,36,2,matzety01
394,Tommy Nance,MIA,2,3,35,0,0,0,43.2,45,22,21,5,21,3,57,4,nanceto01
395,Sam Moll,OAK,2,1,53,0,0,0,43.1,33,16,14,5,22,6,46,3,mollsa01
396,Jharel Cotton,TOT,4,2,30,0,0,0,43.0,34,20,17,7,20,0,39,2,cottojh01
397,Lucas Gilbreath,COL,2,0,47,0,0,0,43.0,37,22,20,2,26,0,49,4,gilbrlu01
398,Justin Lawrence,COL,3,1,38,0,0,1,42.2,44,27,27,3,22,0,48,1,lawreju01
399,Garrett Richards,TEX,1,1,32,0,0,1,42.2,44,28,25,3,13,0,36,3,richaga01
400,Ryan Thompson,TBR,3,3,47,0,0,3,42.2,39,24,18,4,11,2,39,2,thompry02
401,Sam Long,SFG,1,3,28,0,0,1,42.1,39,23,17,8,14,1,33,1,longsa01
402,Victor Arano,WSN,1,1,43,0,0,1,42.0,47,30,21,5,12,0,44,4,aranovi01
403,Manny Banuelos,TOT,2,1,35,0,0,1,41.0,32,23,20,2,21,1,42,3,banuema01
404,Jovani Moran,MIN,0,1,31,0,0,1,40.2,25,11,10,0,18,0,54,0,moranjo01
405,Jose Quijada,LAA,0,5,42,0,0,3,40.2,25,19,18,5,21,4,52,2,quijajo01
406,Craig Stammen,SDP,1,2,33,0,0,0,40.2,45,22,20,9,10,0,35,2,stammcr01
407,Tyler Danish,BOS,3,1,32,0,0,0,40.1,40,24,23,7,12,0,32,4,danisty01
408,David Price,LAD,2,0,40,0,0,2,40.1,38,11,11,6,9,2,37,0,priceda01
409,Cole Ragans,TEX,0,3,9,0,0,0,40.0,43,24,22,6,16,0,27,0,raganco01
410,Cristopher Sanchez,PHI,2,2,15,0,0,1,40.0,38,25,25,5,17,1,35,4,sanchcr01
411,Matt Barnes,BOS,0,4,44,0,0,8,39.2,36,22,19,2,21,1,34,3,barnema01
412,Jordan Weems,WSN,0,1,32,0,0,0,39.2,35,24,23,7,12,1,41,0,weemsjo01
413,Max Castillo,TOT,0,2,14,0,0,0,39.1,38,28,26,8,15,0,37,2,castima03
414,Hunter Harvey,WSN,2,1,38,0,0,0,39.1,33,12,11,1,12,0,45,0,harvehu01
415,Daulton Jefferies,OAK,1,7,8,0,0,0,39.1,46,26,25,4,8,0,28,2,jeffeda01
416,Jared Koenig,OAK,1,3,10,0,0,0,39.1,40,25,25,4,15,0,22,5,koenija01
417,Dillon Peters,PIT,5,2,22,0,0,0,39.1,35,20,20,5,17,0,26,0,peterdi01
418,James Karinchak,CLE,2,0,38,0,0,3,39.0,22,9,9,2,21,0,62,1,karinja01
419,Zach Pop,TOT,4,0,35,0,0,0,39.0,41,13,12,2,4,0,25,2,popza01
420,Albert Abreu,TOT,2,2,33,0,0,0,38.2,35,15,14,5,22,0,38,3,abreual01
421,Seth Martinez,HOU,1,1,29,0,0,0,38.2,26,10,9,3,14,1,38,1,martise01
422,Dauri Moreta,CIN,0,2,35,0,0,1,38.1,32,24,23,10,13,1,39,4,moretda01
423,Wily Peralta,DET,2,0,28,0,0,0,38.1,34,12,11,2,24,0,32,1,peralwi01
424,Javier Assad,CHC,2,2,9,0,0,0,37.2,35,14,13,4,20,0,30,0,assadja01
425,Jose Cuas,KCR,4,2,47,0,0,1,37.2,39,18,15,2,24,2,34,6,cuasjo01
426,Spencer Howard,TEX,2,4,10,0,0,0,37.2,50,33,31,12,15,1,32,1,howarsp01
427,Kirk McCarty,CLE,4,3,13,0,0,0,37.2,37,23,19,11,13,1,26,1,mccarki01
428,Reyes Moronta,TOT,2,2,39,0,0,2,37.2,30,20,18,5,18,1,38,2,moronre01
429,Josh Staumont,KCR,3,3,42,0,0,3,37.2,37,28,27,3,29,0,43,1,staumjo01
430,Yohan Ramirez,TOT,4,1,30,0,0,1,37.1,32,19,19,4,20,1,32,6,ramiryo01
431,Joe Kelly,CHW,1,3,43,0,0,1,37.0,36,26,25,2,23,0,53,3,kellyjo05
432,Jake McGee,TOT,1,3,42,0,0,3,37.0,41,29,28,6,12,1,25,0,mcgeeja01
433,Wade Miley,CHC,2,2,9,0,0,0,37.0,31,20,13,3,14,0,28,2,mileywa01
434,Kyle Nelson,ARI,2,1,43,0,0,0,37.0,26,10,9,1,14,0,30,3,nelsoky01
435,Vladimir Gutiérrez,CIN,1,6,10,0,0,0,36.2,46,31,31,8,24,1,29,6,gutievl01
436,Aroldis Chapman,NYY,4,4,43,0,0,9,36.1,24,18,18,4,28,0,43,1,chapmar01
437,Ryan Pepiot,LAD,3,0,9,0,0,0,36.1,26,15,14,6,27,0,42,3,pepiory01
438,Jack Flaherty,STL,2,1,9,0,0,0,36.0,36,18,17,4,22,0,33,5,flaheja01
439,Ian Gibaut,TOT,1,2,34,0,0,1,36.0,39,18,18,3,18,0,48,1,gibauia01
440,Art Warren,CIN,2,3,39,0,0,3,36.0,37,29,26,6,22,1,40,2,warrear01
441,Daniel Castano,MIA,1,3,10,0,0,0,35.2,42,20,16,5,9,0,20,2,castada01
442,Luke Weaver,TOT,1,1,26,0,0,0,35.2,52,29,26,1,13,0,38,3,weavelu01
443,Yency Almonte,LAD,0,0,33,0,0,1,35.1,18,4,4,2,10,1,33,4,almonye01
444,Joe Barlow,TEX,3,1,35,0,0,13,35.0,27,18,15,5,13,0,28,4,barlojo01
445,Josh Fleming,TBR,2,5,10,0,0,0,35.0,54,36,25,5,12,1,29,1,flemijo01
446,Ralph Garza,TBR,2,2,19,0,0,0,35.0,38,14,13,4,16,2,17,2,garzara01
447,Peter Strzelecki,MIL,2,1,30,0,0,1,35.0,28,13,11,2,15,2,40,1,strzepe01
448,Caleb Ferguson,LAD,1,0,37,0,0,0,34.2,23,9,7,1,17,0,37,2,ferguca01
449,Matthew Liberatore,STL,2,2,9,0,0,0,34.2,42,23,23,5,18,0,28,1,liberma01
450,Zack Thompson,STL,1,1,22,0,0,1,34.2,20,9,8,3,14,0,27,0,thompza02
451,Ken Waldichuk,OAK,2,2,7,0,0,0,34.2,32,19,19,5,10,0,33,4,waldike01
452,Mike Baumann,BAL,1,3,13,0,0,0,34.1,43,19,18,3,9,0,23,2,baumami01
453,Tyler Gilbert,ARI,0,3,8,0,0,0,34.1,33,21,20,8,10,1,20,1,gilbety01
454,Dany Jimenez,OAK,3,4,34,0,0,11,34.1,23,16,13,2,18,4,34,0,jimenda01
455,Collin Snider,KCR,4,2,42,0,0,0,34.1,40,25,25,3,15,0,22,2,snideco01
456,Adrián Morejón,SDP,5,1,26,0,0,0,34.0,31,18,16,4,9,1,28,1,morejad01
457,Oliver Ortega,LAA,1,3,27,0,0,1,34.0,32,18,14,5,18,0,33,1,ortegol01
458,Cole Sulser,MIA,1,4,39,0,0,2,34.0,39,23,20,6,16,1,38,0,sulseco01
459,Matt Swarmer,CHC,2,3,11,0,0,0,34.0,33,26,19,12,20,1,36,0,swarmma01
460,Connor Overton,CIN,1,0,6,0,0,0,33.0,21,10,10,1,11,0,14,0,overtco01
461,Hayden Wesneski,CHC,3,2,6,0,0,0,33.0,24,9,8,3,7,0,33,3,wesneha01
462,T.J. McFarland,STL,0,0,28,0,0,0,32.2,42,26,24,5,11,0,16,2,mcfartj01
463,Joey Wentz,DET,2,2,7,0,0,0,32.2,23,13,11,2,13,0,27,1,wentzjo01
464,Dinelson Lamet,TOT,1,2,32,0,0,0,32.1,30,23,22,4,19,0,45,4,lametdi01
465,Huascar Brazoban,MIA,1,1,27,0,0,0,32.0,26,13,11,3,21,1,40,2,brazohu01
466,Packy Naughton,STL,0,2,26,0,0,1,32.0,39,17,17,3,7,1,31,1,naughpa01
467,Justin Dunn,CIN,1,3,7,0,0,0,31.0,32,21,21,11,17,0,21,3,dunnju01
468,Cole Sands,MIN,0,3,11,0,0,1,30.2,35,21,20,4,13,0,28,5,sandsco01
469,Jonathan Hernandez,TEX,2,3,29,0,0,4,30.1,26,14,10,2,17,3,27,1,hernajo02
470,Dustin May,LAD,2,3,6,0,0,0,30.0,21,17,15,3,14,0,29,5,maydu01
471,Tanner Rainey,WSN,1,3,29,0,0,12,30.0,26,16,11,5,13,0,36,0,raineta01
472,Elvin Rodriguez,DET,0,4,7,0,0,0,29.2,42,35,35,12,15,1,25,1,rodriel02
473,Kevin Ginkel,ARI,1,1,30,0,0,1,29.1,27,14,11,1,11,0,30,1,ginkeke01
474,Michael Grove,LAD,1,0,7,0,0,0,29.1,32,21,15,6,10,1,24,0,grovemi01
475,Wyatt Mills,TOT,0,1,27,0,0,0,29.1,26,15,15,1,13,2,26,5,millswy01
476,Miguel Castro,NYY,5,0,34,0,0,0,29.0,27,16,13,2,15,0,31,4,castrmi01
477,Anthony Misiewicz,TOT,1,2,32,0,0,0,29.0,27,15,14,4,10,2,27,0,misiean01
478,J.B. Wendelken,ARI,2,1,29,0,0,0,29.0,25,18,17,4,14,0,21,1,wendejb01
479,Nick Wittgren,STL,1,0,29,0,0,1,29.0,35,19,19,1,10,0,17,4,wittgni01
480,Louis Head,TOT,0,0,28,0,0,1,28.2,32,20,20,4,15,1,26,5,headlo01
481,Sean Poppen,ARI,2,2,29,0,0,0,28.2,27,15,14,5,12,3,22,1,poppese01
482,Chase Silseth,LAA,1,3,7,0,0,0,28.2,33,21,21,7,12,0,24,1,silsech01
483,Colin Holderman,TOT,5,0,24,0,0,0,28.1,20,14,12,0,14,1,24,4,holdeco01
484,Kaleb Ort,BOS,1,2,25,0,0,1,28.1,35,23,20,4,15,2,27,2,ortka01
485,Jandel Gustave,MIL,2,0,27,0,0,0,28.0,25,13,12,4,11,0,27,2,gustaja01
486,Cody Poteet,MIA,0,1,12,0,0,0,28.0,23,12,12,4,11,0,21,0,poteeco01
487,Sean Newcomb,TOT,2,1,20,0,0,0,27.2,33,28,27,8,19,0,28,0,newcose01
488,Joe Smith,MIN,1,1,34,0,0,0,27.1,33,18,14,7,9,1,17,1,smithjo05
489,Shane Baz,TBR,1,2,6,0,0,0,27.0,27,15,15,5,9,0,30,1,bazsh01
490,Hyun Jin Ryu,TOR,2,0,6,0,0,0,27.0,32,17,17,5,4,0,16,0,ryuhy01
491,Erich Uelmen,CHC,2,1,25,0,0,1,27.0,25,15,14,3,12,1,21,6,uelmeer01
492,Anthony Banda,TOT,1,1,32,0,0,0,26.2,43,20,20,4,13,2,30,2,bandaan01
493,Aaron Bummer,CHW,2,1,32,0,0,2,26.2,30,11,7,2,10,0,30,2,bummeaa01
494,Julian Merryweather,TOR,0,3,26,0,0,0,26.2,31,20,20,4,7,1,23,2,merryju01
495,Alex Young,TOT,1,1,25,0,0,0,26.2,29,11,7,0,11,0,21,1,youngal01
496,Ross Detwiler,CIN,0,2,30,0,0,1,26.1,31,13,13,5,10,2,28,3,detwiro01
497,Josh Rogers,WSN,2,2,16,0,0,0,26.1,24,15,15,6,11,0,12,0,rogerjo01
498,Chasen Shreve,NYM,1,1,25,0,0,0,26.1,27,19,19,6,10,1,29,0,shrevch01
499,Nick Vespi,BAL,5,0,25,0,0,1,26.1,29,12,12,5,8,1,28,1,vespini01
500,Louie Varland,MIN,1,2,5,0,0,0,26.0,26,11,11,4,6,1,21,1,varlalo01
501,Yerry De Los Santos,PIT,0,3,26,0,0,3,25.2,22,18,14,3,11,1,26,1,delosye01
502,Ryan Borucki,TOT,2,0,32,0,0,0,25.1,24,16,16,6,11,0,21,2,borucry01
503,Touki Toussaint,LAA,1,1,8,0,0,0,25.1,15,13,13,2,19,0,26,4,toussto01
504,Jose Cisnero,DET,1,0,28,0,0,0,25.0,15,4,3,0,19,0,23,1,cisnejo01
505,Sean Hjelle,SFG,1,2,8,0,0,0,25.0,33,19,16,3,8,0,28,1,hjellse01
506,Trevor May,NYM,2,0,26,0,0,1,25.0,27,14,14,4,9,0,30,0,maytr01
507,Hansel Robles,BOS,1,3,26,0,0,2,24.2,25,19,16,5,14,1,21,0,robleha01
508,Mason Thompson,WSN,1,1,24,0,0,1,24.2,19,8,8,2,9,0,15,1,thompma02
509,J.P. Feyereisen,TBR,4,0,22,0,0,1,24.1,7,1,0,0,5,0,25,0,feyerjo01
510,Daniel Hudson,LAD,2,3,25,0,0,5,24.1,17,7,6,1,5,0,30,2,hudsoda01
511,Drey Jameson,ARI,3,0,4,0,0,0,24.1,20,4,4,2,7,0,24,1,jamesdr01
512,Miguel Yajure,PIT,1,1,12,0,0,1,24.1,31,26,24,3,16,1,16,2,yajurmi01
513,Chase Anderson,CIN,2,4,9,0,0,0,24.0,17,18,17,3,15,0,23,3,anderch01
514,Jeff Brigham,MIA,0,1,16,0,0,1,24.0,22,10,9,3,10,0,28,0,brighje01
515,Pete Fairbanks,TBR,0,0,24,0,0,8,24.0,13,3,3,1,3,0,38,0,fairbpe01
516,Tyler Kinley,COL,1,1,25,0,0,0,24.0,21,5,2,0,6,0,27,1,kinlety01
517,Justin Bruihl,LAD,1,1,24,0,0,1,23.2,22,11,10,4,6,2,13,3,bruihju01
518,Trevor Kelley,MIL,1,0,18,0,0,0,23.2,25,17,16,7,9,0,23,2,kelletr01
519,Adonis Medina,NYM,1,0,14,0,0,1,23.2,30,18,16,2,6,0,17,4,medinad01
520,Cody Morris,CLE,1,2,7,0,0,0,23.2,21,8,6,3,12,0,23,0,morrico01
521,Luis Perdomo,MIL,3,0,14,0,0,0,23.2,24,10,10,4,3,0,12,1,perdolu02
522,Garrett Cleavinger,TOT,1,1,17,0,0,0,23.0,14,12,10,2,7,0,32,1,cleavga01
523,Chi Chi Gonzalez,TOT,0,1,7,0,0,0,23.0,28,15,15,5,7,0,15,0,gonzach01
524,Jacob Barnes,TOT,3,1,23,0,0,0,22.1,23,14,14,3,9,0,12,2,barneja01
525,JT Chargois,TBR,2,0,21,0,0,0,22.1,16,7,6,3,5,0,17,2,chargjt01
526,Tommy Hunter,NYM,0,1,18,0,0,0,22.1,21,8,6,4,6,0,22,0,hunteto02
527,Corbin Martin,ARI,0,1,7,0,0,0,22.1,25,14,12,3,12,0,21,0,martico02
528,Chris Paddack,MIN,1,2,5,0,0,0,22.1,25,10,10,0,2,0,20,1,paddach01
529,Josh Sborz,TEX,1,0,19,0,0,0,22.1,25,16,16,4,11,1,32,0,sborzjo01
530,Eric Stout,TOT,0,0,20,0,0,1,22.1,25,15,14,2,16,1,25,3,stouter01
531,Beau Sulser,TOT,0,0,10,0,0,0,22.1,24,14,9,3,9,2,19,1,sulsebe01
532,Heath Hembree,TOT,3,1,26,0,0,0,22.0,26,19,18,6,17,2,17,0,hembrhe01
533,Stephen Nogosek,NYM,1,1,12,0,0,0,22.0,20,10,6,4,7,0,21,1,nogosst01
534,Darren O'Day,ATL,2,2,28,0,0,0,21.2,19,12,10,3,10,2,26,1,odayda01
535,Drew VerHagen,STL,3,1,19,0,0,0,21.2,27,18,16,5,14,1,18,1,verhadr01
536,Calvin Faucher,TBR,2,3,22,0,0,1,21.1,26,16,13,4,10,0,21,1,fauchca01
537,Kolby Allard,TEX,1,2,10,0,0,1,21.0,21,17,17,9,6,1,19,1,allarko01
538,Anthony Gose,CLE,3,0,22,0,0,0,21.0,15,13,11,4,14,1,28,1,gosean01
539,Jackson Tetreault,WSN,2,2,4,0,0,0,21.0,23,15,12,4,10,0,9,0,tetreja01
540,Jesus Tinoco,TEX,0,0,17,0,0,0,20.2,12,5,5,2,10,0,18,1,tinocje01
541,Hunter Brown,HOU,2,0,7,0,0,0,20.1,15,2,2,0,7,0,22,0,brownhu01
542,Bryan Garcia,DET,2,0,4,0,0,0,20.1,14,8,8,3,10,0,17,3,garcibr01
543,Ashton Goudeau,COL,1,0,12,0,0,1,20.1,25,18,16,3,10,0,16,0,goudeas01
544,Bennett Sousa,CHW,3,0,25,0,0,1,20.1,25,20,19,3,10,1,12,1,sousabe01
545,Kohei Arihara,TEX,1,3,5,0,0,0,20.0,36,22,21,4,11,0,14,3,arihako01
546,Andrew Kittredge,TBR,3,1,17,0,0,5,20.0,15,7,7,4,2,0,14,0,kittran01
547,Luis Patino,TBR,1,2,6,0,0,0,20.0,26,18,18,6,13,1,11,1,patinlu01
548,Derek Law,TOT,2,3,17,0,0,0,19.2,23,13,9,3,8,0,17,2,lawde01
549,Tony Santillan,CIN,0,1,21,0,0,4,19.2,23,14,12,1,12,1,21,4,santito01
550,Anthony Bender,MIA,1,3,22,0,0,6,19.1,17,7,7,3,8,0,17,1,bendean01
551,Gabe Speier,KCR,0,1,17,0,0,0,19.1,16,5,5,2,5,0,14,0,speiega01
552,Anthony DeSclafani,SFG,0,2,5,0,0,0,19.0,34,21,14,4,4,0,17,1,desclan01
553,Norge Ruíz,OAK,0,1,14,0,0,0,19.0,30,16,15,4,7,0,18,2,ruizno01
554,Tyler Thornburg,TOT,0,1,14,0,0,0,19.0,16,10,7,1,11,0,14,1,thornty01
555,Archie Bradley,LAA,0,1,21,0,0,2,18.2,17,13,10,1,7,1,15,0,bradlar01
556,Junior Fernandez,TOT,0,0,16,0,0,0,18.2,18,6,5,3,12,0,14,1,fernaju01
557,Ronald Bolanos,KCR,0,0,8,0,0,0,18.1,20,9,9,2,12,1,12,3,bolanro01
558,Anderson Espinoza,CHC,0,2,7,0,0,0,18.1,14,11,11,4,16,0,19,4,espinan01
559,Ryne Nelson,ARI,1,1,3,0,0,0,18.1,9,4,3,2,6,1,16,0,nelsory01
560,Connor Seabold,BOS,0,4,5,0,0,0,18.1,35,24,23,5,8,0,19,3,seaboco01
561,Sam Selman,OAK,0,0,16,0,0,0,18.1,16,10,10,4,5,0,18,1,selmasa01
562,Yennier Cano,TOT,1,1,13,0,0,0,18.0,26,23,23,3,16,0,21,1,canoye01
563,Javy Guerra,TOT,2,1,18,0,0,0,18.0,16,11,10,3,11,2,10,1,guerrja02
564,Casey Lawrence,TOR,0,1,6,0,0,0,18.0,23,15,15,5,4,0,11,1,lawreca01
565,Sergio Romo,TOT,0,1,23,0,0,0,18.0,19,16,15,7,6,1,14,0,romose01
566,Chad Smith,COL,0,1,15,0,0,0,18.0,16,15,15,2,15,0,23,2,smithch12
567,Adam Kolarek,OAK,0,1,15,0,0,0,17.2,20,9,9,1,8,0,9,3,kolarad01
568,Alec Mills,CHC,0,1,7,0,0,0,17.2,28,20,19,7,3,1,11,3,millsal02
569,Scott Alexander,SFG,0,0,17,0,0,2,17.1,12,2,2,1,1,0,10,0,alexasc02
570,Logan Gillaspie,BAL,1,0,17,0,0,0,17.1,20,8,6,1,3,0,10,2,gillalo01
571,James Norwood,PHI,1,0,20,0,0,0,17.1,24,17,16,2,9,0,22,0,norwoja01
572,Elvis Peguero,LAA,0,0,13,0,0,0,17.1,23,16,13,4,5,0,12,0,pegueel01
573,Taylor Widener,ARI,0,1,14,0,0,0,17.1,22,8,7,2,5,1,14,3,widenta01
574,Luis Frias,ARI,1,1,15,0,0,0,17.0,23,20,20,1,17,0,14,1,friaslu01
575,Keynan Middleton,ARI,1,2,18,0,0,0,17.0,16,13,10,5,3,0,15,1,middlke01
576,Domingo Tapia,OAK,0,0,11,0,0,0,17.0,25,16,16,1,14,1,12,1,tapiado01
577,Edwin Uceta,ARI,0,0,10,0,0,0,17.0,14,12,11,2,7,0,13,1,ucetaed01
578,Tommy Milone,SEA,1,1,7,0,0,0,16.2,14,10,10,4,6,0,5,1,milonto01
579,Jake Reed,TOT,2,0,18,0,0,1,16.2,17,15,13,2,8,0,13,3,reedja02
580,Eduard Bazardo,BOS,1,0,12,0,0,0,16.1,12,5,5,4,4,0,11,2,bazared01
581,Jacob Lemoine,OAK,0,0,9,0,0,0,16.1,18,15,14,4,7,1,13,0,lemoija01
582,Mauricio Llovera,SFG,0,0,17,0,0,0,16.1,14,8,8,2,8,1,20,0,llovema01
583,JoJo Romero,TOT,0,0,17,0,0,0,16.1,13,9,9,3,10,0,17,0,romerjo01
584,Cody Stashak,MIN,3,0,11,0,0,0,16.1,16,7,7,1,0,0,15,0,stashco01
585,Phillips Valdez,BOS,0,1,13,0,0,0,16.1,12,11,8,0,7,0,13,6,valdeph01
586,Robert Dugger,TOT,0,1,4,0,0,0,16.0,19,11,11,3,7,0,19,0,duggero01
587,Luis Ortiz,PIT,0,2,4,0,0,0,16.0,8,9,8,1,10,0,17,0,ortizlu03
588,Blake Taylor,HOU,1,1,19,0,0,0,16.0,15,7,7,1,10,0,9,1,taylobl01
589,Austin Warren,LAA,2,0,14,0,0,0,16.0,19,10,10,3,5,2,9,0,warreau01
590,Kyle Crick,CHW,2,0,14,0,0,0,15.2,10,7,7,0,11,0,19,2,crickky01
591,Jackson Kowar,KCR,0,0,7,0,0,0,15.2,27,17,17,4,11,0,17,0,kowarja01
592,Jose Alvarez,SFG,2,1,21,0,0,1,15.1,17,10,9,3,9,1,15,2,alvarjo02
593,Jhonathan Diaz,LAA,1,1,4,0,0,0,15.1,13,5,5,1,10,0,11,0,diazjh01
594,Justin Grimm,OAK,0,0,15,0,0,0,15.1,18,8,7,1,7,0,11,2,grimmju01
595,Robert Gsellman,CHC,0,2,8,0,0,1,15.1,17,10,8,2,3,0,9,0,gsellro01
596,Luke Bard,TOT,1,1,9,0,0,0,15.0,7,3,3,0,7,0,8,2,bardlu01
597,Jeremy Beasley,TOR,0,0,9,0,0,0,15.0,14,9,8,4,5,0,19,2,beaslje01
598,Luke Farrell,TOT,0,0,6,0,0,0,15.0,18,10,9,3,7,0,14,0,farrelu01
599,Chad Green,NYY,1,1,14,0,0,1,15.0,13,6,5,1,5,0,16,0,greench03
600,Thomas Szapucki,TOT,0,1,11,0,0,0,15.0,19,12,12,6,7,0,18,0,szaputh01
601,Fernando Cruz,CIN,0,1,14,0,0,0,14.2,9,3,2,1,9,0,21,1,cruzfe01
602,Chris Devenski,TOT,2,1,13,0,0,0,14.2,21,14,14,3,1,0,12,1,devench02
603,Andrew Nardi,MIA,1,1,13,0,0,0,14.2,25,17,16,5,14,0,24,0,nardian01
604,Phoenix Sanders,TBR,0,0,8,0,0,0,14.2,12,5,5,0,3,0,12,0,sandeph01
605,Pierce Johnson,SDP,1,2,15,0,0,0,14.1,14,8,8,1,8,0,21,0,johnspi01
606,Drew Steckenrider,SEA,0,2,16,0,0,2,14.1,21,9,9,2,5,0,10,0,steckdr01
607,Jimmy Yacabonis,TOT,1,1,14,0,0,0,14.0,20,15,13,4,10,0,21,2,yacabji01
608,DL Hall,BAL,1,1,11,0,0,1,13.2,17,9,9,0,6,0,19,0,halldl01
609,Zack Kelly,BOS,1,0,13,0,0,0,13.2,14,6,6,2,4,0,11,0,kellyza01
610,Reiss Knehr,SDP,0,0,5,0,0,0,13.2,11,6,6,1,4,0,10,4,knehrre01
611,Manuel Rodríguez,CHC,2,0,14,0,0,4,13.2,10,6,5,1,9,0,8,0,rodrima01
612,Adbert Alzolay,CHC,2,1,6,0,0,0,13.1,9,5,5,1,2,0,19,1,alzolad01
613,Matthew Boyd,SEA,2,0,10,0,0,0,13.1,5,2,2,0,8,3,13,1,boydma01
614,Anthony Castro,CLE,0,0,12,0,0,0,13.1,19,15,11,5,10,0,12,0,castran02
615,Jake Cousins,MIL,2,1,12,0,0,0,13.1,10,4,4,1,8,1,21,2,cousija01
616,Tyler Cyr,TOT,1,0,12,0,0,0,13.1,11,4,4,2,5,0,16,1,cyrty01
617,Miguel Sanchez,MIL,1,1,12,0,0,0,13.1,12,7,6,3,8,2,9,0,sanchmi01
618,Zack Weiss,LAA,0,1,12,0,0,0,13.1,7,6,5,2,7,2,18,1,weissza01
619,Paul Fry,TOT,0,0,13,0,0,0,13.0,11,10,9,1,9,0,14,2,frypa01
620,Matt Gage,TOR,0,1,11,0,0,0,13.0,6,4,2,1,6,1,12,1,gagema01
621,Sam Coonrod,PHI,0,0,12,0,0,0,12.2,12,12,11,1,7,0,12,3,coonrsa01
622,Angel De Jesus,DET,0,0,8,0,0,0,12.2,9,3,3,2,4,0,7,2,dejesan01
623,Bryan Hoeing,MIA,1,1,8,0,0,0,12.2,19,17,17,5,5,0,6,0,hoeinbr01
624,Tommy Kahnle,LAD,0,0,13,0,0,1,12.2,5,4,4,2,3,0,14,3,kahnlto01
625,Kodi Whitley,STL,2,0,14,0,0,0,12.2,11,8,8,2,9,0,12,2,whitlko01
626,Brandon Bielak,HOU,0,0,5,0,0,0,12.1,11,5,5,2,4,0,12,3,bielabr01
627,Kervin Castro,TOT,0,1,10,0,0,0,12.1,15,14,14,3,7,0,11,0,castrke01
628,Danny Coulombe,MIN,0,0,10,0,0,0,12.1,7,3,2,0,9,0,9,0,couloda01
629,Kyle Muller,ATL,1,1,3,0,0,0,12.1,13,11,11,2,8,0,12,0,mulleky01
630,Tayler Scott,SDP,0,1,8,0,0,0,12.0,19,10,9,1,6,0,13,0,scottta02
631,Aaron Fletcher,PIT,0,1,9,0,0,0,11.2,10,9,9,2,4,0,6,3,fletcaa01
632,Ronny Henriquez,MIN,0,1,3,0,0,0,11.2,8,4,3,1,3,0,9,2,henriro01
633,Justus Sheffield,SEA,1,0,6,0,0,0,11.2,9,5,5,1,6,0,7,1,sheffju01
634,Caleb Kilian,CHC,0,2,3,0,0,0,11.1,11,15,13,0,12,1,9,1,kiliaca01
635,Greg Weissert,NYY,3,0,12,0,0,0,11.1,6,7,7,1,5,0,11,2,weissgr01
636,Hanser Alberto,LAD,0,0,10,0,0,0,11.0,10,5,5,2,3,0,1,1,alberha01
637,Jake Fishman,MIA,0,0,7,0,0,0,11.0,13,5,5,0,0,0,6,3,fishmja01
638,Dusten Knight,TBR,0,1,6,0,0,0,11.0,11,8,7,4,4,1,9,0,knighdu01
639,Yoan López,NYM,1,0,8,0,0,0,11.0,14,8,7,2,5,1,10,1,lopezyo01
640,Jose Marte,LAA,0,0,11,0,0,0,11.0,8,9,9,2,18,0,15,0,martejo01
641,Angel Zerpa,KCR,2,1,3,0,0,0,11.0,9,3,2,2,3,0,3,0,zerpaan01
642,Tyson Miller,TEX,1,2,4,0,0,0,10.2,16,14,13,1,8,0,8,2,millety01
643,Kenny Rosenberg,LAA,0,0,3,0,0,0,10.2,9,5,5,1,6,0,8,0,rosenke01
644,Ryan Weber,NYY,0,0,5,0,0,1,10.2,6,1,1,1,1,0,3,0,weberry01
645,T.J. Zeuch,CIN,0,3,3,0,0,0,10.2,24,18,18,5,7,0,5,3,zeuchtj01
646,Mark Appel,PHI,0,0,6,0,0,0,10.1,9,2,2,0,3,0,5,0,appelma01
647,Travis Lakins Sr.,BAL,0,1,6,0,0,0,10.1,14,11,11,3,6,0,8,1,lakintr01
648,Casey Mize,DET,0,1,2,0,0,0,10.0,13,6,6,1,2,0,4,0,mizeca01
649,Matt Peacock,TOT,0,0,9,0,0,0,10.0,12,6,6,1,4,0,6,0,peacoma01
650,Sean Reid-Foley,NYM,0,0,7,0,0,0,10.0,7,6,6,1,7,0,8,1,reidfse01
651,Andre Jackson,LAD,0,0,4,0,0,1,9.2,9,3,2,0,4,0,9,0,jacksan01
652,Juan Minaya,MIN,1,0,6,0,0,0,9.2,8,6,6,0,5,0,11,3,minayju01
653,Collin Wiles,OAK,0,0,4,0,0,0,9.2,11,6,5,1,2,0,9,1,wilesco01
654,Aaron Brooks,STL,0,0,5,0,0,0,9.1,11,8,8,3,2,0,7,1,brookaa01
655,Xzavion Curry,CLE,0,1,2,0,0,0,9.1,13,7,6,1,6,0,3,1,curryxz01
656,Reed Garrett,WSN,0,1,7,0,0,0,9.1,13,8,7,1,8,1,6,1,garrere01
657,Kyle Barraclough,LAA,0,1,8,0,0,0,9.0,7,3,3,0,4,0,9,0,barraky01
658,Steven Brault,CHC,0,0,9,0,0,0,9.0,8,4,3,0,5,0,8,1,braulst01
659,Ryan Burr,CHW,1,1,8,0,0,0,9.0,8,7,6,3,4,0,7,0,burrry01
660,Tyler Holton,ARI,0,0,10,0,0,0,9.0,8,3,3,1,2,0,6,1,holtoty01
661,James Naile,STL,0,0,7,0,0,0,9.0,8,5,5,2,2,0,5,0,naileja01
662,Drew Carlton,DET,0,0,5,0,0,0,8.2,4,4,2,1,0,0,7,0,carltdr01
663,Jesus Cruz,ATL,0,0,7,0,0,0,8.2,8,6,6,3,4,0,6,1,cruzje01
664,Evan Lee,WSN,0,1,4,0,0,0,8.2,9,5,4,1,7,0,7,1,leeev01
665,Luis Ortiz,SFG,0,0,6,0,0,0,8.2,5,1,1,0,3,0,6,0,ortizlu02
666,Francisco Perez,WSN,0,0,10,0,0,0,8.2,13,7,7,2,9,0,7,0,perezfr01
667,Andrew Vasquez,TOT,0,0,10,0,0,0,8.2,6,6,6,1,4,0,10,3,vasquan02
668,Cam Vieaux,PIT,0,0,8,0,0,0,8.2,15,11,10,2,5,0,15,1,vieauca01
669,Ryan Hendrix,CIN,0,0,9,0,0,0,8.1,9,5,5,0,6,1,9,2,hendrry01
670,Janson Junk,LAA,1,1,3,0,0,0,8.1,10,6,6,1,3,0,11,0,junkja01
671,Tommy Romero,TOT,1,1,4,0,0,0,8.1,11,12,10,7,9,0,7,0,romerto01
672,Jared Solomon,CIN,0,0,9,0,0,0,8.1,8,10,10,3,5,0,9,1,solomja01
673,Rico Garcia,BAL,0,0,6,0,0,0,8.0,8,4,4,2,3,0,2,0,garciri01
674,John Means,BAL,0,0,2,0,0,0,8.0,8,3,3,0,2,0,7,0,meansjo01
675,Logan Allen,TOT,1,0,7,0,0,0,7.2,12,5,5,0,5,0,7,1,allenlo01
676,Roenis Elias,SEA,0,0,7,0,0,0,7.2,7,3,3,1,3,0,6,0,eliasro01
677,Denyi Reyes,BAL,0,0,3,0,0,0,7.2,8,2,2,0,1,0,3,0,reyesde02
678,Ethan Roberts,CHC,0,1,9,0,0,0,7.2,10,7,7,3,6,0,9,1,roberet01
679,Dereck Rodriguez,MIN,0,1,2,0,0,0,7.2,7,5,3,3,4,1,4,0,rodride01
680,Hunter Gaddis,CLE,0,2,2,0,0,0,7.1,15,15,15,7,3,0,5,0,gaddihu01
681,Parker Mushinski,HOU,0,0,7,0,0,0,7.1,5,3,3,0,3,0,8,1,mushipa01
682,Michael Plassmeyer,PHI,0,1,2,0,0,0,7.1,9,3,3,1,1,0,7,0,plassmi01
683,Anderson Severino,CHW,0,0,6,0,0,0,7.1,7,5,5,0,4,0,9,2,severan01
684,Justin Topa,MIL,0,0,7,0,0,0,7.1,9,6,4,0,4,1,4,0,topaju01
685,A.J. Alexy,TEX,1,1,4,0,0,0,7.0,10,9,9,1,9,0,6,0,alexyaj01
686,Yonny Chirinos,TBR,1,0,2,0,0,0,7.0,7,0,0,0,1,0,6,1,chiriyo01
687,Kody Clemens,DET,0,0,7,0,0,0,7.0,12,3,3,0,1,0,1,0,clemeko01
688,Kevin Herget,TBR,0,1,3,0,0,0,7.0,9,6,6,0,0,0,4,0,hergeke01
689,Gavin Hollowell,COL,0,2,6,0,0,0,7.0,7,7,6,1,4,0,8,0,holloga01
690,Daniel Mengden,KCR,0,1,5,0,0,1,7.0,10,5,4,1,1,0,8,0,mengdda01
691,Shelby Miller,SFG,0,1,4,0,0,0,7.0,6,5,5,0,3,1,14,0,millesh01
692,Spencer Patton,TEX,0,0,7,0,0,0,7.0,4,3,3,1,3,0,5,2,pattosp01
693,Kirby Yates,ATL,0,0,9,0,0,0,7.0,6,4,4,2,5,0,6,0,yateski01
694,Austin Brice,PIT,0,0,4,0,0,0,6.2,4,3,3,0,3,0,5,0,briceau01
695,Tyler Glasnow,TBR,0,0,2,0,0,0,6.2,4,1,1,1,2,0,10,0,glasnty01
696,Darwinzon Hernandez,BOS,0,1,7,0,0,0,6.2,14,17,16,4,8,0,9,2,hernada02
697,David McKay,TOT,0,0,4,0,0,0,6.2,8,5,5,1,4,0,3,0,mckayda02
698,Lucas Sims,CIN,1,0,6,0,0,1,6.2,5,7,7,0,6,0,5,1,simslu01
699,Huascar Ynoa,ATL,0,2,2,0,0,0,6.2,11,10,10,2,6,0,8,0,ynoahu01
700,Ronel Blanco,HOU,0,0,7,0,0,0,6.1,8,5,5,1,4,0,7,1,blancro01
701,Kyle Dowdy,CIN,0,0,2,0,0,0,6.1,5,0,0,0,3,0,3,1,dowdyky01
702,Luis Gonzalez,SFG,0,0,5,0,0,0,6.1,9,4,4,0,1,0,0,0,gonzalu03
703,Foster Griffin,TOT,0,0,6,0,0,0,6.1,7,7,6,0,5,0,4,1,grifffo01
704,Ethan Small,MIL,0,0,2,0,0,0,6.1,8,5,5,1,8,0,7,0,smallet01
705,Danny Young,TOT,0,0,3,0,0,0,6.1,11,3,3,1,2,0,6,0,youngda02
706,Max Meyer,MIA,0,1,2,0,0,0,6.0,7,5,5,2,2,0,6,0,meyerma01
707,Tanner Tully,CLE,0,0,3,0,0,0,6.0,8,4,4,1,6,1,2,0,tullyta01
708,Phillip Diehl,CIN,0,0,5,0,0,0,5.2,8,7,7,3,3,1,3,0,diehlph01
709,Marcos Diplan,BAL,0,0,5,0,0,0,5.2,4,2,1,0,5,0,8,0,diplama01
710,Jeremiah Estrada,CHC,0,0,5,0,0,0,5.2,6,2,2,1,3,0,8,0,estraje01
711,Patrick Murphy,WSN,0,0,6,0,0,0,5.2,8,6,4,0,8,0,4,0,murphpa02
712,Chris Sale,BOS,0,1,2,0,0,0,5.2,5,3,2,0,1,0,5,1,salech01
713,Arodys Vizcaino,KCR,0,0,7,0,0,0,5.2,4,4,4,1,7,0,3,0,vizcaar01
714,Cole Waites,SFG,0,0,7,0,0,0,5.2,6,2,2,1,4,0,4,0,waiteco01
715,Jake Brentz,KCR,0,3,8,0,0,0,5.1,11,15,14,1,10,0,9,1,brentja01
716,Sam Clay,TOT,0,0,7,0,0,0,5.1,4,6,5,1,4,0,5,4,claysa01
717,Sean Doolittle,WSN,0,0,6,0,0,0,5.1,1,0,0,0,0,0,6,0,doolise01
718,Zac Lowther,BAL,0,0,1,0,0,0,5.1,8,6,5,0,2,0,1,1,lowthza01
719,Chris Mazza,TBR,1,0,2,0,0,0,5.1,9,10,7,3,6,0,5,2,mazzach01
720,Tyler Clippard,WSN,0,0,4,0,0,0,5.0,6,4,4,1,4,0,4,3,clippty01
721,Ray Kerr,SDP,0,0,7,0,0,0,5.0,3,5,5,1,4,0,3,0,kerrra01
722,Max Kranick,PIT,0,0,2,0,0,0,5.0,3,0,0,0,3,0,4,0,kranima01
723,Francisco Morales,PHI,0,0,3,0,0,1,5.0,2,5,4,1,6,0,3,1,moralfr02
724,Nick Neidert,MIA,0,1,1,0,0,0,5.0,5,2,2,1,0,0,3,0,neideni01
725,Jhon Romero,MIN,0,0,4,0,0,0,5.0,9,2,2,0,1,0,6,0,romerjh01
726,Angel Rondon,STL,1,0,1,0,0,0,5.0,1,0,0,0,3,0,4,0,rondoan01
727,Blake Treinen,LAD,1,1,5,0,0,0,5.0,1,1,1,1,1,0,6,0,treinbl01
728,Simeon Woods Richardson,MIN,0,1,1,0,0,0,5.0,3,3,2,1,2,0,3,0,woodssi01
729,Raynel Espinal,CIN,0,1,2,0,0,0,4.2,6,4,4,1,1,0,5,0,espinra01
730,Thomas Hatch,TOR,0,1,1,0,0,0,4.2,12,10,10,3,2,0,4,1,hatchto01
731,Greg Holland,TEX,0,1,5,0,0,0,4.2,6,5,4,3,1,0,5,0,hollagr01
732,Damon Jones,PHI,0,0,4,0,0,0,4.2,4,5,5,0,5,0,5,3,jonesda07
733,Carson Kelly,ARI,0,0,4,0,0,0,4.2,9,4,4,1,2,0,0,0,kellyca02
734,Stephen Strasburg,WSN,0,1,1,0,0,0,4.2,8,7,7,1,2,0,5,1,strasst01
735,Silvino Bracho,ATL,0,0,3,0,0,0,4.1,3,3,3,2,1,0,4,1,brachsi01
736,Cade Cavalli,WSN,0,1,1,0,0,0,4.1,6,7,7,0,2,0,6,3,cavalca01
737,Jerad Eickhoff,PIT,0,1,1,0,0,0,4.1,10,10,10,2,1,0,4,3,eickhje01
738,Chris Ellis,BAL,0,0,2,0,0,0,4.1,5,5,5,0,6,0,2,1,ellisch01
739,Ken Giles,SEA,0,0,5,0,0,0,4.1,1,0,0,0,4,0,6,0,gileske01
740,Matt Koch,SEA,0,0,4,0,0,0,4.1,5,4,4,2,1,0,3,0,kochma01
741,Cristofer Ogando,TBR,0,0,3,0,0,0,4.1,4,2,2,0,1,0,2,1,ogandcr01
742,Pedro Avila,SDP,0,0,2,0,0,0,4.0,3,3,2,1,1,0,5,1,avilape01
743,Luke Barker,MIL,0,0,3,0,0,0,4.0,7,5,5,2,0,0,3,0,barkelu01
744,Christian Bethancourt,TOT,0,0,4,0,0,0,4.0,6,1,1,1,1,0,1,0,bethach01
745,José Butto,NYM,0,0,1,0,0,0,4.0,9,7,7,2,2,0,5,0,buttojo01
746,Harold Castro,DET,0,0,4,0,0,0,4.0,6,2,2,0,1,0,1,1,castrha01
747,Franklin German,BOS,0,0,5,0,0,0,4.0,7,8,8,2,4,0,4,0,germafr02
748,Luis Gil,NYY,0,0,1,0,0,0,4.0,5,4,4,0,2,0,5,0,gillu01
749,Michael Kelly,PHI,0,0,4,0,0,0,4.0,3,1,1,1,1,0,4,1,kellymi03
750,Oliver Perez,ARI,1,1,7,0,0,0,4.0,8,9,7,1,1,0,1,1,perezol01
751,Brett Phillips,TBR,0,0,3,0,0,0,4.0,9,8,8,3,2,0,0,0,phillbr02
752,Kyle Tyler,SDP,1,0,2,0,0,0,4.0,2,0,0,0,1,0,2,0,tylerky01
753,Rob Zastryzny,TOT,0,0,6,0,0,0,4.0,3,4,3,0,1,0,3,0,zastrro01
754,Luis Castillo,DET,0,0,3,0,0,0,3.2,2,0,0,0,0,0,4,0,castilu03
755,Miguel Diaz,DET,0,0,3,0,0,0,3.2,1,1,1,0,2,0,3,0,diazmi02
756,Nick Gordon,MIN,0,0,4,0,0,0,3.2,10,9,9,2,4,0,0,0,gordoni01
757,Wil Myers,SDP,0,0,4,0,0,0,3.2,4,3,3,3,0,0,0,1,myerswi01
758,Sheldon Neuse,OAK,0,0,3,0,0,0,3.2,1,0,0,0,0,0,0,0,neusesh01
759,Gregory Santos,SFG,0,0,2,0,0,0,3.2,3,2,2,0,3,0,2,0,santogr01
760,Garrett Stubbs,PHI,0,0,4,0,0,0,3.2,7,7,7,3,1,0,1,0,stubbga01
761,Ryan Weathers,SDP,0,0,1,0,0,0,3.2,6,4,4,0,4,0,3,0,weathry01
762,Alex Wells,BAL,0,0,2,0,0,0,3.2,5,2,2,2,0,0,6,0,wellsal01
763,Justin Wilson,CIN,0,1,5,0,0,0,3.2,3,1,1,0,0,0,7,0,wilsoju10
764,Alex Claudio,NYM,0,0,3,0,0,0,3.1,1,0,0,0,2,0,2,0,claudal01
765,Cooper Criswell,TBR,0,0,1,0,0,0,3.1,2,1,1,0,1,0,4,0,criswco01
766,Michael Feliz,BOS,0,0,1,0,0,0,3.1,1,2,1,1,2,0,4,0,felizmi01
767,A.J. Ladwig,MIA,0,0,1,0,0,0,3.1,6,4,4,2,0,0,0,0,ladwiaj01
768,Bryce Montes de Oca,NYM,0,0,3,0,0,0,3.1,7,4,4,0,2,0,6,0,montebr01
769,Mike Brosseau,MIL,0,0,3,0,0,0,3.0,2,0,0,0,1,0,0,0,brossmi01
770,Nate Fisher,NYM,0,0,1,0,0,0,3.0,1,0,0,0,2,0,1,0,fishena01
771,Shane Greene,TOT,1,0,2,0,0,0,3.0,3,2,2,1,1,0,2,0,greensh02
772,Josh Harrison,CHW,0,0,3,0,0,0,3.0,9,6,6,1,2,0,2,0,harrijo05
773,Parker Markel,OAK,0,0,3,0,0,0,3.0,1,0,0,0,5,0,3,0,markepa01
774,Easton McGee,TBR,0,0,1,0,0,0,3.0,4,1,0,0,0,0,1,0,mcgeeea01
775,Enoli Paredes,HOU,0,0,3,0,0,0,3.0,3,1,1,0,3,0,2,0,pareden01
776,Connor Sadzeck,MIL,0,0,2,0,0,0,3.0,4,3,3,2,1,0,2,0,sadzeco01
777,Frank Schwindel,CHC,0,0,3,0,0,0,3.0,8,6,6,4,1,0,0,0,schwifr01
778,Cody Sedlock,BAL,0,0,1,0,0,0,3.0,6,5,5,0,1,0,3,0,sedloco01
779,Josh VanMeter,PIT,0,0,3,0,0,0,3.0,15,13,13,5,2,0,0,0,vanmejo01
780,Ryan Castellani,OAK,0,0,3,0,0,0,2.2,2,1,0,0,0,0,1,0,castery01
781,Daniel Duarte,CIN,0,0,3,0,0,0,2.2,3,3,3,1,3,0,2,0,duartda01
782,Ian Hamilton,MIN,0,0,1,0,0,0,2.2,3,2,2,1,1,0,0,0,hamilia01
783,Jordan Holloway,MIA,0,0,1,0,0,0,2.2,3,1,1,0,1,0,2,0,hollojo01
784,Alejo Lopez,CIN,0,0,3,0,0,0,2.2,2,2,2,2,0,0,0,0,lopezal03
785,Tayler Saucedo,TOR,0,0,4,0,0,0,2.2,6,4,4,3,1,0,0,0,sauceta01
786,Jake Walsh,STL,0,1,3,0,0,0,2.2,3,4,4,0,2,0,5,1,walshja02
787,Aneurys Zabala,MIA,0,0,2,0,0,0,2.2,3,0,0,0,1,0,2,0,zabalan01
788,Austin Adams,SDP,1,0,2,0,0,0,2.1,0,0,0,0,3,0,2,0,adamsau02
789,Jorge Alcala,MIN,0,0,2,0,0,0,2.1,2,0,0,0,2,0,2,0,alcaljo01
790,R.J. Alvarez,NYM,0,1,1,0,0,0,2.1,4,3,3,2,3,0,2,0,alvarrj01
791,Pedro Baez,HOU,0,0,3,0,0,0,2.1,5,6,3,0,3,0,2,0,baezpe01
792,Brennan Bernardino,SEA,0,1,2,0,0,0,2.1,3,3,1,0,2,1,0,0,bernabr01
793,Jake Hager,ARI,0,0,3,0,0,0,2.1,3,2,2,0,0,0,1,0,hagerja01
794,J.C. Mejia,MIL,0,0,2,0,0,0,2.1,5,6,6,0,5,0,1,0,mejiaje02
795,Willians Astudillo,MIA,0,0,2,0,0,0,2.0,0,0,0,0,2,0,0,0,astudwi01
796,Michel Báez,SDP,0,0,2,0,0,0,2.0,1,0,0,0,0,0,2,0,baezmi01
797,Matthew Batten,SDP,0,0,2,0,0,0,2.0,2,1,1,1,0,0,1,0,battema01
798,Diego Castillo,PIT,0,0,2,0,0,0,2.0,6,8,8,1,3,0,1,1,castidi02
799,Yu Chang,TBR,0,0,2,0,0,0,2.0,6,3,3,1,0,0,0,0,changyu01
800,Ernie Clement,CLE,0,0,2,0,0,0,2.0,6,4,4,2,0,0,0,0,clemeer01
801,Charlie Culberson,TEX,0,0,2,0,0,0,2.0,1,0,0,0,1,0,0,0,culbech01
802,Robbie Erlin,LAD,0,0,2,0,0,0,2.0,2,2,2,1,1,0,1,0,erlinro01
803,Sam Howard,PIT,0,0,3,0,0,0,2.0,2,2,2,1,4,0,1,1,howarsa01
804,Anthony Kay,TOR,0,0,1,0,0,0,2.0,2,1,1,0,1,0,3,1,kayan01
805,Sandy Leon,CLE,0,0,1,0,0,0,2.0,0,0,0,0,0,0,0,0,leonsa01
806,Nick Mears,PIT,0,0,2,0,0,0,2.0,1,0,0,0,1,0,2,0,mearsni01
807,Yadier Molina,STL,0,0,2,0,0,0,2.0,6,4,4,2,0,0,1,0,molinya01
808,Vinny Nittoli,PHI,0,0,2,0,0,0,2.0,0,0,0,0,1,0,1,1,nittovi01
809,Gerardo Reyes,LAA,0,0,2,0,0,0,2.0,3,1,1,1,3,0,0,0,reyesge01
810,Darin Ruf,NYM,0,0,1,0,0,0,2.0,1,0,0,0,0,0,0,0,rufda01
811,Jordan Sheffield,COL,0,0,2,0,0,0,2.0,2,0,0,0,2,0,1,0,sheffjo01
812,Locke St. John,CHC,0,0,1,0,0,0,2.0,3,3,3,2,0,0,4,0,stjohlo01
813,Michael A. Taylor,KCR,0,0,1,0,0,0,2.0,5,2,2,1,2,0,2,0,taylomi02
814,Luis Torrens,SEA,1,0,2,0,0,0,2.0,3,2,1,1,0,0,0,0,torrelu01
815,William Woods,ATL,0,0,2,0,0,0,2.0,2,0,0,0,1,0,2,0,woodswi02
816,Austin Wynns,SFG,0,0,2,0,0,0,2.0,3,3,3,1,1,0,0,0,wynnsau01
817,Alcides Escobar,WSN,0,0,2,0,0,0,1.2,3,2,2,0,1,0,0,1,escobal02
818,Nicholas Padilla,CHC,0,0,1,0,0,0,1.2,2,1,1,0,2,0,1,0,padilni01
819,Jay Jackson,ATL,0,0,2,0,0,0,1.1,1,0,0,0,0,0,1,0,jacksja01
820,Nick Maton,PHI,0,0,2,0,0,0,1.1,4,3,3,0,0,0,0,0,matonni01
821,Ryan McKenna,BAL,0,0,2,0,0,0,1.1,5,2,2,0,1,0,0,0,mckenry01
822,Matt Reynolds,CIN,0,0,2,0,0,0,1.1,3,1,1,0,0,0,0,2,reynoma03
823,Ehire Adrianza,WSN,0,0,1,0,0,0,1.0,0,0,0,0,1,0,1,0,adriaeh01
824,Cam Alldred,PIT,0,0,1,0,0,0,1.0,1,0,0,0,0,0,1,0,alldrca01
825,Shaun Anderson,TOR,0,0,1,0,0,0,1.0,4,2,2,0,0,0,0,0,andersh01
826,Orlando Arcia,ATL,0,0,1,0,0,0,1.0,0,0,0,0,1,0,0,0,arciaor01
827,Tucker Barnhart,DET,0,0,1,0,0,0,1.0,3,1,1,0,0,0,0,0,barnhtu01
828,Jackie Bradley Jr.,BOS,0,0,1,0,0,0,1.0,1,1,1,0,3,0,1,0,bradlja02
829,Victor Caratini,MIL,0,0,1,0,0,0,1.0,2,3,3,0,1,0,0,1,caratvi01
830,Jose Castillo,SDP,0,0,1,0,0,0,1.0,1,1,1,0,1,0,1,0,castijo03
831,Noah Davis,COL,0,0,1,0,0,0,1.0,3,2,2,1,1,0,2,0,davisno01
832,Matt Dermody,CHC,0,0,1,0,0,0,1.0,2,2,2,0,2,1,1,0,dermoma01
833,Corey Dickerson,STL,0,0,1,0,0,0,1.0,2,0,0,0,1,0,0,0,dickeco01
834,Hunter Dozier,KCR,0,0,1,0,0,0,1.0,2,2,2,1,1,0,0,0,doziehu01
835,Nick Duron,PHI,0,0,1,0,0,0,1.0,2,0,0,0,0,0,1,0,duronni01
836,Mike Ford,ATL,0,0,1,0,0,0,1.0,1,2,2,1,1,0,0,0,fordmi01
837,Phil Gosselin,LAA,0,0,1,0,0,0,1.0,0,0,0,0,0,0,0,0,gosseph01
838,Randal Grichuk,COL,0,0,1,0,0,0,1.0,0,0,0,0,0,0,0,0,grichra01
839,Nicky Lopez,KCR,0,0,1,0,0,0,1.0,3,2,2,2,0,0,0,0,lopezni01
840,Jack Mayfield,LAA,0,0,1,0,0,0,1.0,1,0,0,0,0,0,0,0,mayfija01
841,Reese McGuire,BOS,0,0,1,0,0,0,1.0,0,0,0,0,0,0,0,0,mcguire01
842,Conner Menez,CHC,0,0,1,0,0,0,1.0,1,0,0,0,0,0,1,1,menezco01
843,Whit Merrifield,TOR,0,0,1,0,0,0,1.0,2,2,2,1,0,0,0,1,merriwh01
844,Riley O'Brien,SEA,0,0,1,0,0,0,1.0,1,0,0,0,1,0,1,0,obrieri01
845,Chris Owings,BAL,0,0,1,0,0,0,1.0,2,1,1,0,0,0,0,0,owingch01
846,Jace Peterson,MIL,0,0,1,0,0,0,1.0,0,0,0,0,0,0,0,0,peterja01
847,Chad Pinder,OAK,0,0,1,0,0,0,1.0,2,3,3,0,2,0,0,1,pindech01
848,Kevin Plawecki,BOS,0,0,1,0,0,0,1.0,1,0,0,0,0,0,0,0,plaweke01
849,Albert Pujols,STL,0,0,1,0,0,0,1.0,3,4,4,2,1,0,0,0,pujolal01
850,Franmil Reyes,CHC,0,0,1,0,0,0,1.0,0,0,0,0,0,0,1,1,reyesfr01
851,Pablo Reyes,MIL,0,0,1,0,0,0,1.0,0,0,0,0,0,0,0,0,reyespa01
852,Yerry Rodriguez,TEX,0,0,1,0,0,0,1.0,1,0,0,0,0,0,1,0,rodriye01
853,Bubby Rossman,PHI,0,0,1,0,0,0,1.0,1,2,2,1,1,0,1,0,rossmbu01
854,Yolmer Sanchez,BOS,0,0,1,0,0,0,1.0,3,1,1,0,0,0,0,0,sanchca01
855,Max Schrock,CIN,0,0,1,0,0,0,1.0,7,5,5,2,0,0,0,0,schroma01
856,Brian Serven,COL,0,0,1,0,0,0,1.0,0,0,0,0,1,0,0,0,servebr01
857,Andrelton Simmons,CHC,0,0,1,0,0,0,1.0,5,5,5,0,1,0,0,0,simmoan01
858,Nicklaus Snyder,TEX,0,0,2,0,0,0,1.0,1,2,2,0,3,0,0,0,snydeni01
859,Dee Strange-Gordon,WSN,0,0,1,0,0,0,1.0,2,3,3,1,3,0,0,1,gordode01
860,Cesar Valdez,LAA,0,0,1,0,0,0,1.0,2,2,1,0,0,0,0,0,valdece01
861,Ildemaro Vargas,WSN,0,0,1,0,0,0,1.0,0,0,0,0,0,0,0,0,vargail01
862,Donovan Walton,SFG,0,0,1,0,0,0,1.0,3,3,3,1,1,0,0,0,waltodo01
863,Zack Britton,NYY,0,0,3,0,0,0,0.2,1,1,1,0,6,0,1,0,brittza01
864,Bowden Francis,TOR,0,0,1,0,0,0,0.2,1,0,0,0,0,0,1,0,francbo01
865,Andrew Knizner,STL,0,0,1,0,0,0,0.2,1,0,0,0,0,0,0,0,kniznan01
866,Brendon Little,CHC,0,1,1,0,0,0,0.2,2,3,3,1,1,0,0,1,littlbr02
867,Jermaine Palacios,MIN,0,0,2,0,0,0,0.2,1,0,0,0,0,0,1,0,palacje01
868,Freddy Tarnok,ATL,0,0,1,0,0,0,0.2,1,0,0,0,0,0,1,0,tarnofr01
869,Marwin Gonzalez,NYY,0,0,1,0,0,0,0.1,0,0,0,0,0,0,0,0,gonzama01
870,Darick Hall,PHI,0,0,1,0,0,0,0.1,1,0,0,0,0,0,0,0,hallda02
871,Brian Moran,LAA,0,0,1,0,0,0,0.1,3,2,2,1,1,1,0,0,moranbr01
872,Nash Walters,LAA,0,0,1,0,0,0,0.1,1,0,0,0,1,0,0,0,waltena01